request_id,timestamp,model_name,class,confidence,area
2f8c5e7b-946e-47bb-8116-0fd539b10b84,1744038921.9428742,model_0,cup,0.8618858456611633,139760.6299029328
2f8c5e7b-946e-47bb-8116-0fd539b10b84,1744038921.9428742,model_0,cup,0.8526151180267334,110599.34988986328
4a84a0a5-9bfe-4cbc-8bf5-7b3063619243,1744038921.9428742,model_0,cup,0.8608307242393494,112501.41956096515
4a84a0a5-9bfe-4cbc-8bf5-7b3063619243,1744038921.9428742,model_0,cup,0.8410677909851074,177001.56192085147
6a08327f-31aa-491e-887c-cbb1150f4094,1744038921.9428742,model_0,cup,0.9118468165397644,75577.74664752744
8e797643-8ba7-42df-a54f-ed3dd285b2a9,1744038921.9428742,model_0,cup,0.9030538201332092,105251.83239113353
6fb66f4f-ea3f-416a-9196-ab05edad2680,1744038921.9428742,model_0,cup,0.8740862011909485,200789.04807558283
eb42dfbb-136d-4836-a421-e2c91250fd27,1744038921.9428742,model_0,cup,0.8875523805618286,54044.16830650484
eb42dfbb-136d-4836-a421-e2c91250fd27,1744038921.9428742,model_0,cup,0.8709681630134583,44793.626300085336
eb42dfbb-136d-4836-a421-e2c91250fd27,1744038921.9428742,model_0,cup,0.8642008900642395,42903.610570549965
e67fdb13-7753-4cc8-9b4e-aeb619d2ce35,1744038921.9428742,model_0,cup,0.8821949362754822,156663.599968574
d6711380-fe1c-4f5b-a49c-d2d7388d9d03,1744038921.9428742,model_0,cup,0.9332779049873352,103220.5614040941
8ea44a8b-7771-4097-a8ad-f57eac03e799,1744038921.9428742,model_0,cup,0.8878011107444763,77085.25114940107
8ea44a8b-7771-4097-a8ad-f57eac03e799,1744038921.9428742,model_0,cup,0.8720571398735046,178328.82813052833
37817be2-f955-465e-8e50-8653fe97bd6d,1744038921.9428742,model_0,cup,0.8653053045272827,86408.04453119636
3577f92c-beda-4560-81bf-e98ff8f6d108,1744038921.9428742,model_0,cup,0.8880904316902161,80389.9292871356
f53d5358-047a-4c84-9601-4c4d0dddf0a3,1744038921.9428742,model_0,cup,0.8102669715881348,145802.99734618142
880b7ea7-0a22-40d0-8734-42d854faba7b,1744038921.9428742,model_0,cup,0.8651822209358215,137734.41457493324
fcf0c496-56ce-49a8-b472-8e042b3b208e,1744038921.9428742,model_0,cup,0.8682753443717957,105888.11546186358
65a222dc-7c96-472b-9664-b9eb5f5970b3,1744038921.9428742,model_0,cup,0.9055262804031372,67828.19544925913
c92732ba-db4d-4619-aa63-2eaaf66ab7fd,1744038921.9428742,model_0,cup,0.8856180906295776,241426.8545148149
c92732ba-db4d-4619-aa63-2eaaf66ab7fd,1744038921.9428742,model_0,cup,0.4452032744884491,94454.3435125947
8c592405-b60b-490d-9a1e-8e5c098acaa4,1744038921.9428742,model_0,cup,0.8688178062438965,92881.24417897314
8c592405-b60b-490d-9a1e-8e5c098acaa4,1744038921.9428742,model_0,cup,0.858630359172821,29344.44827339053
f001951b-45fe-4604-8bce-797cc90e4fb6,1744038921.9428742,model_0,cup,0.8926832675933838,48781.512941460125
bc42ebfc-e998-4d9f-a02b-0a2665c00e68,1744038921.9428742,model_0,cup,0.8795989155769348,230584.74985554814
992aa4f6-4496-42ef-8dc2-489dd6938a10,1744038921.9428742,model_0,cup,0.8747310638427734,287328.54008372873
0a133c90-e15b-400a-a00d-75aa4593cc28,1744038921.9428742,model_0,cup,0.8675399422645569,234381.94482058287
927b8a47-254c-42fa-9bce-e4434d536a8f,1744038921.9428742,model_0,cup,0.876339316368103,233876.06385014486
02ca331a-92c8-4381-b4d5-470d9698bedc,1744038921.9428742,model_0,cup,0.8797628879547119,186574.6155381091
a3b2e837-94f8-47d6-a267-95cc380fa41e,1744038921.9428742,model_0,cup,0.8863557577133179,97297.57735030353
a038d325-354b-474b-a9b5-109d65633829,1744038921.9428742,model_0,cup,0.8718554973602295,169827.62082359567
a038d325-354b-474b-a9b5-109d65633829,1744038921.9428742,model_0,cup,0.8433219790458679,332534.30601540953
a038d325-354b-474b-a9b5-109d65633829,1744038921.9428742,model_0,cup,0.8261460661888123,11385.329405665398
a038d325-354b-474b-a9b5-109d65633829,1744038921.9428742,model_0,cup,0.8169474005699158,8533.837766116485
a038d325-354b-474b-a9b5-109d65633829,1744038921.9428742,model_0,cup,0.8155835270881653,10729.238488711417
a038d325-354b-474b-a9b5-109d65633829,1744038921.9428742,model_0,cup,0.8143582344055176,7224.23558407696
dc776060-2cf0-4e4d-be7a-7820ab5d4c46,1744038921.9428742,model_0,cup,0.8810847401618958,53679.24630625546
cfdb731d-465c-4f2e-8c0b-254fd5c6d829,1744038921.9428742,model_0,cup,0.8953330516815186,154743.3917332068
60c9e5f1-0e0f-4689-9c56-1ce43ce34a54,1744038921.9428742,model_0,cup,0.9149771928787231,177979.19395740703
1d1c3b59-080e-4651-9b9a-958107fbe8d9,1744038921.9428742,model_0,cup,0.8893075585365295,250676.75926041976
356f0c63-eb8b-4355-810f-d1e8eea64bbf,1744038921.9428742,model_0,cup,0.9021320939064026,127447.12264038622
52532435-25f4-4f50-b1cf-94dbfa433290,1744038921.9428742,model_0,cup,0.8769814968109131,156486.89233236015
e6630bd8-ce88-412d-afba-db2a816903ae,1744038921.9428742,model_0,cup,0.8885765671730042,231555.99764585495
a19b7495-8345-45af-b297-3a523e58743f,1744038921.9428742,model_0,cup,0.8984900116920471,249522.7946605347
c9f739d2-dc54-4e7f-ac58-da94c1440d4b,1744038921.9428742,model_0,cup,0.9160376191139221,82433.09489318915
ce37c67b-5062-44d8-95c4-66d5b732e1e0,1744038921.9428742,model_0,cup,0.875576913356781,126331.5651166141
4b5fcf87-e2ce-4681-97bb-42680c4e4c2e,1744038921.9428742,model_0,cup,0.8737338781356812,123309.98603104614
fd8c83e5-d751-45ca-b855-02a7e89d4c01,1744038921.9428742,model_0,cup,0.8867349028587341,187649.17409706116
676a2ca6-54eb-4b75-8290-ff2f8cd75452,1744038921.9428742,model_0,cup,0.8786370754241943,151075.25996167213
3cd9029a-66b6-4af8-b79a-f7c3830b3b6d,1744038921.9428742,model_0,cup,0.8706160187721252,179125.06271419767
cf499957-570d-4275-b3c6-6bc95204da8b,1744038921.9428742,model_0,cup,0.8647735714912415,154865.20408507437
6c2fc07f-9944-48ca-a3ea-0c6c0f28b917,1744038921.9428742,model_0,cup,0.9211750626564026,91503.43560440093
17671c0e-d102-4dee-a0c6-c42420b72867,1744038921.9428742,model_0,cup,0.8936266303062439,122321.21277624462
b6da71ae-a0b4-4a44-ab7d-a33fb39aedf5,1744038921.9428742,model_0,cup,0.8951663970947266,145833.3623342961
f1f70023-ed1f-4770-95ea-5eb4aff72393,1744038921.9428742,model_0,cup,0.8852723836898804,141104.89688222855
530d76a2-36f1-4352-acf5-301906604bd6,1744038921.9428742,model_0,cup,0.9203658103942871,207440.75849502347
b3a0118f-4e86-420d-b5c2-f023345a26e8,1744038921.9428742,model_0,cup,0.918109118938446,197470.0676658377
bc40b9bc-1fe7-4709-aee6-9c75cc72d779,1744038921.9428742,model_0,cup,0.9212571382522583,114168.17401859164
d60f5f2d-583e-49a5-a282-c8733ff169ea,1744038921.9428742,model_0,cup,0.8716307282447815,211579.52314952016
f8353003-5866-459a-ad1e-e3bb8d7d2fb0,1744038921.9428742,model_0,cup,0.9065307974815369,285348.0277772723
c342949a-6d36-457c-be93-ec626d2d09ea,1744038921.9428742,model_0,cup,0.8804658055305481,293786.6750691086
bb7176cc-5330-4612-a86b-49404689be07,1744038921.9428742,model_0,cup,0.9497668743133545,364967.5982192904
88daa1a3-072e-4528-b365-5ad8f2f52604,1744038921.9428742,model_0,cup,0.9181380867958069,132669.38663568627
0550830c-ac04-4b85-93a7-62a70319b5c2,1744038921.9428742,model_0,cup,0.9066880345344543,312249.7562387958
cb8c6cc3-b009-4695-8a70-9e0d7ed013ab,1744038921.9428742,model_0,cup,0.8981746435165405,239563.96383363008
c0a7cf9b-df0c-4ee6-a2be-856fe7c7bcb1,1744038921.9428742,model_0,cup,0.8732473850250244,207786.15086096898
6b00fb47-8179-44ef-9985-82cc1a4837e3,1744038921.9428742,model_0,cup,0.882453203201294,159175.38484270498
b70998eb-961a-4c47-a6f1-6792999a6c3e,1744038921.9428742,model_0,cup,0.8524056673049927,37066.08431747416
b70998eb-961a-4c47-a6f1-6792999a6c3e,1744038921.9428742,model_0,cup,0.851992130279541,32507.065102010965
b70998eb-961a-4c47-a6f1-6792999a6c3e,1744038921.9428742,model_0,cup,0.7777652144432068,45938.587604912
ed8df7a7-1010-4549-9fb1-13252a1cdf3e,1744038921.9428742,model_0,cup,0.8946012854576111,86063.31808060408
ed8df7a7-1010-4549-9fb1-13252a1cdf3e,1744038921.9428742,model_0,cup,0.8902091979980469,79929.99844154343
ed8df7a7-1010-4549-9fb1-13252a1cdf3e,1744038921.9428742,model_0,cup,0.8621684312820435,49004.750914298
ed8df7a7-1010-4549-9fb1-13252a1cdf3e,1744038921.9428742,model_0,cup,0.8292548060417175,20197.482298582792
ed8df7a7-1010-4549-9fb1-13252a1cdf3e,1744038921.9428742,model_0,cup,0.604184627532959,10889.812519475818
efd01dca-12d4-4c9a-8d7b-e716beda82a2,1744038921.9428742,model_0,cup,0.88930344581604,99157.05034532398
efd01dca-12d4-4c9a-8d7b-e716beda82a2,1744038921.9428742,model_0,cup,0.8820978999137878,89014.60541412234
efd01dca-12d4-4c9a-8d7b-e716beda82a2,1744038921.9428742,model_0,cup,0.8733015656471252,45382.103396812454
efd01dca-12d4-4c9a-8d7b-e716beda82a2,1744038921.9428742,model_0,cup,0.8434528708457947,26442.017883438617
efd01dca-12d4-4c9a-8d7b-e716beda82a2,1744038921.9428742,model_0,cup,0.37612804770469666,17492.49939007312
6fcd2299-fafb-4717-b532-813602d80648,1744038921.9428742,model_0,cup,0.9106506705284119,60114.512365650386
6fcd2299-fafb-4717-b532-813602d80648,1744038921.9428742,model_0,cup,0.9023730754852295,54384.38117334992
6fcd2299-fafb-4717-b532-813602d80648,1744038921.9428742,model_0,cup,0.8973965644836426,33572.96653768048
6fcd2299-fafb-4717-b532-813602d80648,1744038921.9428742,model_0,cup,0.8807565569877625,18789.542570050806
6fcd2299-fafb-4717-b532-813602d80648,1744038921.9428742,model_0,cup,0.7924282550811768,9264.871224658564
00fe7ab5-3925-465a-86c0-942360f7d4d1,1744038921.9428742,model_0,cup,0.8839373588562012,92356.6517020762
00fe7ab5-3925-465a-86c0-942360f7d4d1,1744038921.9428742,model_0,cup,0.8811200261116028,105653.98445127066
00fe7ab5-3925-465a-86c0-942360f7d4d1,1744038921.9428742,model_0,cup,0.8800800442695618,100028.75449527428
00fe7ab5-3925-465a-86c0-942360f7d4d1,1744038921.9428742,model_0,cup,0.46808451414108276,31195.215617617592
00fe7ab5-3925-465a-86c0-942360f7d4d1,1744038921.9428742,model_0,cup,0.33468133211135864,47620.72513313033
c14dd766-f807-49e9-bfaf-d3a46560e78c,1744038921.9428742,model_0,cup,0.8766499161720276,106792.66549091414
c14dd766-f807-49e9-bfaf-d3a46560e78c,1744038921.9428742,model_0,cup,0.8600705862045288,83223.68331659585
c14dd766-f807-49e9-bfaf-d3a46560e78c,1744038921.9428742,model_0,cup,0.840204119682312,62792.397989621386
0d8ea266-6ed3-43cd-877c-56d01e2e7c69,1744038921.9428742,model_0,cup,0.8907366991043091,68015.71593039203
0d8ea266-6ed3-43cd-877c-56d01e2e7c69,1744038921.9428742,model_0,cup,0.8823084235191345,101148.28842577338
0d8ea266-6ed3-43cd-877c-56d01e2e7c69,1744038921.9428742,model_0,cup,0.8779372572898865,79346.41207276471
d79cad3b-96bd-4d39-bdc8-38c1fb1548b5,1744038921.9428742,model_0,cup,0.9134544134140015,154738.62605901808
d79cad3b-96bd-4d39-bdc8-38c1fb1548b5,1744038921.9428742,model_0,cup,0.9088717103004456,125218.44261252694
d79cad3b-96bd-4d39-bdc8-38c1fb1548b5,1744038921.9428742,model_0,cup,0.8603314161300659,105917.86133480072
d79cad3b-96bd-4d39-bdc8-38c1fb1548b5,1744038921.9428742,model_0,cup,0.7901905179023743,47124.918388187885
92e7c3bb-5344-41c5-94c7-9db7d8a27325,1744038921.9428742,model_0,cup,0.8899957537651062,124736.97009265609
92e7c3bb-5344-41c5-94c7-9db7d8a27325,1744038921.9428742,model_0,cup,0.8749540448188782,149972.11354708672
92e7c3bb-5344-41c5-94c7-9db7d8a27325,1744038921.9428742,model_0,cup,0.8718076944351196,88862.71908669174
d2217aed-cf2d-424b-a2e6-b940936eeefd,1744038921.9428742,model_0,cup,0.902405321598053,116716.30266904831
d2217aed-cf2d-424b-a2e6-b940936eeefd,1744038921.9428742,model_0,cup,0.8902124166488647,158672.94828311354
d2217aed-cf2d-424b-a2e6-b940936eeefd,1744038921.9428742,model_0,cup,0.8322405815124512,89534.36270429194
7bab9cef-fca4-47cf-9d63-dcb9b27ca008,1744038921.9428742,model_0,cup,0.8751635551452637,210028.00198626518
258155f8-ac8e-465d-afaa-b0161382596e,1744038921.9428742,model_0,cup,0.8849361538887024,263858.4687535465
d95ac73e-e46f-40a7-b4f3-e5c08da9598c,1744038921.9428742,model_0,cup,0.8812317252159119,219533.98070333898
d54daaac-8d3f-47c6-8f3f-62e528d2c6a7,1744038921.9428742,model_0,cup,0.9226141571998596,99386.06076601706
20e528f3-9d38-4a77-9843-383ce4b19ed7,1744038921.9428742,model_0,cup,0.8890036940574646,258933.78109663725
18625ef1-281b-481d-a5c2-7b9a9d2a55ce,1744038921.9428742,model_0,cup,0.8931077122688293,111268.14167649811
b5bb3765-ddcd-4b8e-9d7f-84e38e6529ba,1744038921.9428742,model_0,cup,0.8741251826286316,133092.03280761093
4ab23625-bb0c-40cf-ad0a-eb9be6f6f785,1744038921.9428742,model_0,cup,0.9119318723678589,222882.43876361847
7fe8f441-85a2-4232-820b-16fa6c5e50cc,1744038921.9428742,model_0,cup,0.9245954155921936,334053.9233074412
e7070b1b-8bee-47ac-a685-f82aa4f054fc,1744038921.9428742,model_0,cup,0.8788374662399292,173415.03503784537
3f5ff768-69da-44b4-a331-77cc833a51c9,1744038921.9428742,model_0,cup,0.9076342582702637,133879.5337021649
746d8f69-fce6-4a2f-84fd-a2f3308d6bfc,1744038921.9428742,model_0,cup,0.9039326310157776,190786.63463350385
14aa27b3-73fc-4503-a413-eeca7eb50942,1744038921.9428742,model_0,cup,0.9108859300613403,176047.39365095738
02b30ae0-deea-4420-973d-2fe9d58375a2,1744038921.9428742,model_0,cup,0.919527530670166,318493.8419112116
e114163a-f03a-4d60-8a3d-099159960a0d,1744038921.9428742,model_0,cup,0.9365707039833069,347510.1796255559
c9439962-80f8-4503-96a9-4a9a3e7f4a46,1744038921.9428742,model_0,cup,0.87773197889328,125023.51863640547
0a90243d-e919-4b93-a606-964fa6a2406d,1744038921.9428742,model_0,cup,0.8669271469116211,185097.58305391576
fdad9298-6986-41a3-8034-889bc71a18b1,1744038921.9428742,model_0,cup,0.885062575340271,248300.33196176402
c306514c-e186-4885-8e44-2f7a0675279b,1744038921.9428742,model_0,cup,0.9644125699996948,391865.2994647026
feaee36d-2ebe-4cbe-b56b-4376a87bd431,1744038921.9428742,model_0,cup,0.8469727635383606,251489.4137403369
a40494f1-9cb4-4ecc-b6f0-bb39d71e8046,1744038921.9428742,model_0,cup,0.8982394337654114,270655.1286068782
5315bdee-a681-4871-bac7-2d86e7972f5e,1744038921.9428742,model_0,cup,0.8803395628929138,285861.03202482313
12a894ac-2677-4cbf-9734-17bc60a6367f,1744038921.9428742,model_0,timmies,0.8742396235466003,141162.9067203903
addab971-cf1e-48ee-af81-1345ddefbad7,1744038921.9428742,model_0,timmies,0.8724948763847351,117413.79178676754
777d09a0-8929-49ae-8661-a0f32a8be709,1744038921.9428742,model_0,timmies,0.8524832129478455,184310.61877893656
c7faf708-b90d-468b-9c10-f377aced2ae8,1744038921.9428742,model_0,timmies,0.8443199396133423,145962.5364538394
dc2006e2-4661-4971-ae8a-90d055005a56,1744038921.9428742,model_0,timmies,0.8104919791221619,227280.32132691145
b550b942-991c-4a1d-8595-c2b09cd9b7fe,1744038921.9428742,model_0,timmies,0.8698205947875977,158455.80868972465
7f9f12bf-8e4a-4dc3-bc97-91da2a8df52a,1744038921.9428742,model_0,timmies,0.917738676071167,106139.60804744251
dd391145-39df-405f-9413-e6830f6fb23a,1744038921.9428742,model_0,timmies,0.9069401621818542,320678.73619321734
249ca9da-24c7-4f52-9f24-7f10b0125041,1744038921.9428742,model_0,timmies,0.8632413148880005,123678.73231377825
8e4b5353-bfca-4324-b17e-aac307e07265,1744038921.9428742,model_0,timmies,0.8642764687538147,154481.67285909876
683ab6bd-af60-41c0-b74d-cb1dab80a59f,1744038921.9428742,model_0,timmies,0.903780460357666,96557.69669352192
efbad24a-2832-4ff5-95a5-db46fa0ed73b,1744038921.9428742,model_0,timmies,0.9151031970977783,121680.49410134554
da78b5fe-e0ac-4b99-bc6e-39aa44a11752,1744038921.9428742,model_0,timmies,0.9232458472251892,84542.7630295828
0cb86a75-2760-4721-8ab2-22a8a1e48dae,1744038921.9428742,model_0,timmies,0.8732969760894775,130892.10136426706
d9e7a30c-0f71-47a6-8e1f-e258d15c7a47,1744038921.9428742,model_0,timmies,0.8649249076843262,90751.0658697756
b46276fa-f3c2-4c96-b61e-5975979db864,1744038921.9428742,model_0,timmies,0.8807675242424011,134626.64206862077
a9cb5114-c67b-406f-97e4-683842bb01c7,1744038921.9428742,model_0,timmies,0.862451434135437,130366.06099688634
9b93be54-4050-4c36-94fb-ec8eedf4653f,1744038921.9428742,model_0,timmies,0.86716228723526,64216.38991266489
9b93be54-4050-4c36-94fb-ec8eedf4653f,1744038921.9428742,model_0,timmies,0.8165079355239868,15303.0703856498
9b93be54-4050-4c36-94fb-ec8eedf4653f,1744038921.9428742,model_0,timmies,0.7621797919273376,23667.92285180092
9b93be54-4050-4c36-94fb-ec8eedf4653f,1744038921.9428742,model_0,timmies,0.6078091263771057,12137.442216314375
ba2d9a55-771a-4392-915c-e3eaed4b9c14,1744038921.9428742,model_0,timmies,0.862238883972168,121407.31604179018
ba2d9a55-771a-4392-915c-e3eaed4b9c14,1744038921.9428742,model_0,cup,0.44904807209968567,58464.611394263804
ea06d057-5d2e-4f61-abf8-0ab3964ddf99,1744038921.9428742,model_0,timmies,0.8731040358543396,87665.40899222158
ea06d057-5d2e-4f61-abf8-0ab3964ddf99,1744038921.9428742,model_0,timmies,0.8664053082466125,55190.50710099377
d6eff2cc-79ba-49e7-ad49-500bea8df354,1744038921.9428742,model_0,timmies,0.8906787037849426,127821.13060522825
d6eff2cc-79ba-49e7-ad49-500bea8df354,1744038921.9428742,model_0,timmies,0.7031382322311401,46824.85113267973
d6eff2cc-79ba-49e7-ad49-500bea8df354,1744038921.9428742,model_0,timmies,0.6276198625564575,50179.07150158193
d6eff2cc-79ba-49e7-ad49-500bea8df354,1744038921.9428742,model_0,timmies,0.2897660434246063,69559.83919284306
9fdc4a92-4af1-49e7-bac7-f4c0b6d29f4b,1744038921.9428742,model_0,timmies,0.8713303208351135,60405.77876062412
c1efc3fb-ee66-4b73-9d55-4383ee83018c,1744038921.9428742,model_0,timmies,0.9060536623001099,90722.94807383325
c1efc3fb-ee66-4b73-9d55-4383ee83018c,1744038921.9428742,model_0,timmies,0.6782624125480652,24563.16947374493
effcf628-d42b-4386-9e60-2283b1154fc9,1744038921.9428742,model_0,timmies,0.8780093193054199,116924.10379171371
effcf628-d42b-4386-9e60-2283b1154fc9,1744038921.9428742,model_0,timmies,0.5866569876670837,17106.68278617412
effcf628-d42b-4386-9e60-2283b1154fc9,1744038921.9428742,model_0,timmies,0.30265870690345764,11491.045725446194
d03bdcdb-ce26-4a04-982a-b0814f2dc5c1,1744038921.9428742,model_0,timmies,0.9264920353889465,56748.96019990556
d03bdcdb-ce26-4a04-982a-b0814f2dc5c1,1744038921.9428742,model_0,cup,0.689433753490448,54963.93318280205
896479af-9803-4fd6-a421-ae093e914017,1744038921.9428742,model_0,timmies,0.8507023453712463,88027.16889089718
e3604a0c-8d3a-4139-ae59-b5cfa660c75a,1744038921.9428742,model_0,timmies,0.8635991811752319,76861.32961448282
05c663cf-b66c-4ef0-a296-f1cb56f7ec6d,1744038921.9428742,model_0,timmies,0.9047502279281616,75393.22796241101
05c663cf-b66c-4ef0-a296-f1cb56f7ec6d,1744038921.9428742,model_0,timmies,0.8842248916625977,34890.55504138302
9fbbe0db-0ffd-4c0c-a213-ead0ab310c26,1744038921.9428742,model_0,timmies,0.850587785243988,161068.5418497771
9fbbe0db-0ffd-4c0c-a213-ead0ab310c26,1744038921.9428742,model_0,cup,0.6843393445014954,105106.26958179474
688c912d-164a-449d-9eaf-afef4b6c2b9a,1744038921.9428742,model_0,timmies,0.9128913879394531,111815.58627602551
688c912d-164a-449d-9eaf-afef4b6c2b9a,1744038921.9428742,model_0,timmies,0.8801912069320679,76260.89387374558
9e39a1af-2d6f-4979-8fc4-55a9f8f4417c,1744038921.9428742,model_0,timmies,0.9173977375030518,260097.61373519897
9e39a1af-2d6f-4979-8fc4-55a9f8f4417c,1744038921.9428742,model_0,cup,0.8784129023551941,101039.27000963688
20f54768-08e7-4324-8750-8ede58d21f83,1744038921.9428742,model_0,timmies,0.8975452780723572,52360.816399626434
20f54768-08e7-4324-8750-8ede58d21f83,1744038921.9428742,model_0,cup,0.8875858187675476,16616.91150786588
20f54768-08e7-4324-8750-8ede58d21f83,1744038921.9428742,model_0,cup,0.34513232111930847,10479.487740021432
3d915ca6-1f8b-4937-aaf0-93ccf26e706d,1744038921.9428742,model_0,cup,0.9220511317253113,79365.48724105163
b12ccb28-c589-4493-b56a-b80a03e15876,1744038921.9428742,model_0,cup,0.9295233488082886,76728.17790806293
a9e7736a-458e-41e7-a1f8-a9cd9acf05f6,1744038921.9428742,model_0,cup,0.8781771659851074,123065.17468625307
71e55292-2880-4fe7-963c-e65f94434012,1744038921.9428742,model_0,cup,0.8867550492286682,137040.1538703367
968944f5-a987-43d8-9c74-12f111a86b54,1744038921.9428742,model_0,cup,0.8932439088821411,147340.46465869434
a6671d5f-9285-44ea-9eca-d09fba43ad07,1744038921.9428742,model_0,cup,0.8525481224060059,183002.89425827563
f565b545-495a-4aa4-b1d6-aef4b4b9bbaf,1744038921.9428742,model_0,cup,0.9253767728805542,94956.01478962041
45946465-4753-4a75-811b-73999d3b16fc,1744038921.9428742,model_0,cup,0.8688386082649231,167236.67320388556
5eee85c6-1da1-4b4b-aed5-f3e76570f273,1744038921.9428742,model_0,cup,0.8873395323753357,109891.8293403238
6bea2046-17a1-498a-ae17-e736f55bffd9,1744038921.9428742,model_0,cup,0.9087624549865723,117711.87147637829
37b9252f-c763-421e-8e79-7e9fbc7be8b0,1744038921.9428742,model_0,cup,0.919935941696167,74703.51696639787
5ecff767-d4da-4197-a321-9d6ef407fc75,1744038921.9428742,model_0,cup,0.8775879740715027,91594.71570903808
63f07e31-5f0d-4847-929e-11df01c53e05,1744038921.9428742,model_0,cup,0.8767330646514893,109089.77797497064
7e7e7162-47b9-4842-a45f-71b22e3335b9,1744038921.9428742,model_0,cup,0.8909460306167603,134622.20551319793
5e57a771-b02d-45d7-881a-2fcb8c0a1e8a,1744038921.9428742,model_0,cup,0.8710753321647644,198981.2507891357
42f6e86a-a8dd-4df8-8598-cfbdb9532af9,1744038921.9428742,model_0,cup,0.8710088729858398,196972.6878259331
a271d467-bb85-47d5-aa31-2c9bd425cc93,1744038921.9428742,model_0,cup,0.8635434508323669,207309.24817517027
ad07e34a-9e12-48c3-bfed-3852a2208c1d,1744038921.9428742,model_0,cup,0.9215589165687561,140423.38240955025
cdfc683a-78e6-4f96-803a-2558d1da4b62,1744038921.9428742,model_0,cup,0.9264399409294128,139288.4921843931
d6e64b30-1d0b-4a94-81a4-bb821460b102,1744038921.9428742,model_0,cup,0.9134312272071838,206000.7318619825
09a43d01-2add-44fe-bb62-83cd581557e1,1744038921.9428742,model_0,cup,0.8628364205360413,182711.74250937812
f87bb8c3-4a8e-4e96-8971-d5f60da6c5a1,1744038921.9428742,model_0,cup,0.8558854460716248,210601.4611055106
faaf2824-75b8-4507-ae18-c0ca3c94e4ac,1744038921.9428742,model_0,cup,0.9209108352661133,95909.2918819189
0b54dcdf-029b-402f-8f34-c84ab17edc34,1744038921.9428742,model_0,cup,0.8919151425361633,172266.90232141875
0d87837f-4e9d-46a0-8d62-1ae433beeb8e,1744038921.9428742,model_0,cup,0.9036919474601746,109330.38661465794
a999bcae-eeee-4a33-b983-e02004521571,1744038921.9428742,model_0,cup,0.9246863126754761,88850.8755928278
b725f873-2a76-4f4f-aa78-89f024b75ed4,1744038921.9428742,model_0,cup,0.8935918807983398,138953.9697654778
cf8c8654-f5a9-4761-843a-4bb6075d5a97,1744038921.9428742,model_0,cup,0.8446266651153564,63380.84887781367
0e6f34c4-5524-4f95-8e14-ca5ba2477c02,1744038921.9428742,model_0,cup,0.8857007026672363,267608.1195328962
55223097-aaf4-4d1f-8d13-01c713102c4c,1744038921.9428742,model_0,cup,0.884135901927948,241845.01525351033
45702673-3c39-43ce-ac2d-1b56ebc5f86f,1744038921.9428742,model_0,cup,0.9163498282432556,210778.6656134203
d7b08857-f24c-47c3-93f3-8d6e64c76186,1744038921.9428742,model_0,cup,0.8680739402770996,240582.228681691
d5f0c3ce-6f0c-4fb3-a898-571de85ec8f8,1744038921.9428742,model_0,cup,0.8615707755088806,82100.18527509179
a48e263d-59a3-4d0f-be26-665499c58f23,1744038921.9428742,model_0,cup,0.830940842628479,130541.53623751551
142c293f-4363-44fa-ae40-6e60fbf0a361,1744038921.9428742,model_0,cup,0.8640199303627014,76313.5873910971
635f05a1-4410-47e6-908b-eb7ac05ff401,1744038921.9428742,model_0,cup,0.9118580222129822,60184.34525039513
b4604189-6584-464b-9a8c-3a926b8f6c25,1744038921.9428742,model_0,cup,0.8835354447364807,57232.34095627745
b4604189-6584-464b-9a8c-3a926b8f6c25,1744038921.9428742,model_0,cup,0.8625823259353638,34292.784596146084
fff1b9ab-44ce-476b-88a9-0f948264c294,1744038921.9428742,model_0,timmies,0.906086802482605,396796.1962040663
fff1b9ab-44ce-476b-88a9-0f948264c294,1744038921.9428742,model_0,cup,0.46660926938056946,403693.4173583798
612477d2-9f94-44fd-8d02-897ebc2a140d,1744038921.9428742,model_0,timmies,0.4604116380214691,89622.49582202733
d0118262-0d7a-4ac8-b344-0922982d7111,1744038921.9428742,model_0,timmies,0.8552137017250061,75526.99676531553
feba20d6-5097-4e31-b48a-cc79ef6f4cb1,1744038921.9428742,model_0,cup,0.8604849576950073,119526.84095823788
bcc29a0a-f815-4205-a61f-ad9886cfc4c4,1744038921.9428742,model_0,cup,0.8499508500099182,183501.55874402076
d4f669f0-b2f7-436a-a510-20f6c30f5df9,1744038921.9428742,model_0,cup,0.8869878053665161,141958.74256822467
d4f669f0-b2f7-436a-a510-20f6c30f5df9,1744038921.9428742,model_0,cup,0.8616350889205933,153397.56911422312
d4f669f0-b2f7-436a-a510-20f6c30f5df9,1744038921.9428742,model_0,cup,0.8401131629943848,160279.19705815986
e8d72528-92af-4f62-bcd9-095b3525092c,1744038921.9428742,model_0,timmies,0.8147570490837097,136769.5520436503
af71b0ef-9b2a-42f7-8fdf-8492022befee,1744038921.9428742,model_0,cup,0.8260160088539124,61380.649664476514
d1fa1629-3c1f-4244-b15e-5f72c1e25a8b,1744038921.9428742,model_0,cup,0.8628615736961365,15887.672744505107
b374e519-0f10-40bf-8485-670bfbf35c2a,1744038921.9428742,model_0,cup,0.8624932169914246,23596.863740239292
69ee0142-bc4b-4b7d-9000-590837e26562,1744038921.9428742,model_0,cup,0.8887367844581604,137349.97617904097
69ee0142-bc4b-4b7d-9000-590837e26562,1744038921.9428742,model_0,cup,0.8721450567245483,66134.04034372419
ac451a8a-9ce7-4e45-8f16-60b0309ead6d,1744038921.9428742,model_0,cup,0.8790736794471741,17157.79109787941
44daf448-ee38-4a47-bd30-36278bd73b52,1744038921.9428742,model_0,cup,0.8946902751922607,135394.38830739353
1064f6bf-e526-460b-8c55-5676951fe07a,1744038921.9428742,model_0,cup,0.8644735217094421,184605.1301838737
90717a05-3037-4392-84c8-a5fc7afcb2d5,1744038921.9428742,model_0,cup,0.8939104676246643,244648.74598865956
b5588ae7-721b-4ac3-b971-516d58cca53a,1744038921.9428742,model_0,cup,0.8863845467567444,187434.03414173983
6db4234f-026d-415f-9099-86426695e850,1744038921.9428742,model_0,cup,0.789848804473877,34711.37976619322
6db4234f-026d-415f-9099-86426695e850,1744038921.9428742,model_0,cup,0.7371231913566589,43257.42527459748
1e5b072d-77a5-4b33-8af3-c581bb0eebe8,1744038921.9428742,model_0,cup,0.9106085300445557,349258.3496262431
f430ed66-9b57-4d4c-83c4-34e9c6c39555,1744038921.9428742,model_0,cup,0.8627834320068359,22209.265885293484
6f873b66-bf79-47a1-b8b6-f8a7dc1ea25f,1744038921.9428742,model_0,cup,0.8937363028526306,251597.9142474532
6f873b66-bf79-47a1-b8b6-f8a7dc1ea25f,1744038921.9428742,model_0,cup,0.836785078048706,162336.566390072
4efcc223-86ed-495d-aa7b-6ab50dd3a57f,1744038921.9428742,model_0,cup,0.8271651268005371,25687.603446751833
1cf45c10-a252-4c67-ba33-7ffab14ade2f,1744038921.9428742,model_0,cup,0.8791025876998901,89687.26031532511
1cf45c10-a252-4c67-ba33-7ffab14ade2f,1744038921.9428742,model_0,cup,0.8657816648483276,46268.94249801338
0287dedc-24ad-4590-a64d-709b2ba1a783,1744038921.9428742,model_0,cup,0.8447884321212769,64715.79172343016
9f3fca3d-c90e-4a5f-8081-f34361045312,1744038921.9428742,model_0,cup,0.8222739696502686,34492.932319536805
40f27307-2686-499d-8ea8-cc95c6048d0f,1744038921.9428742,model_0,cup,0.5808628797531128,66826.57559589297
28f8a586-a1a7-4342-9cdd-3968e821a63a,1744038921.9428742,model_0,cup,0.8969864845275879,109277.11967528332
956c76ef-c6ce-4c1f-9af9-7c3a0b30401b,1744038921.9428742,model_0,cup,0.9226491451263428,127346.85035008937
77471181-16ef-4ce5-b64a-33bd67a7f866,1744038921.9428742,model_0,cup,0.9157887697219849,66165.2520779986
fb06cdce-d947-436c-8a32-36fca0a4f372,1744038921.9428742,model_0,cup,0.8501717448234558,90817.34133638814
09cfa3ea-62d9-41a0-b495-ec871bb792ea,1744038921.9428742,model_0,cup,0.8017176985740662,46293.91659066081
aab60110-a711-4dc7-baef-ea3d594081ec,1744038921.9428742,model_0,cup,0.7676377296447754,32071.96201190818
5fb4e5c3-dc90-42e6-860b-b71d326d3003,1744038921.9428742,model_0,cup,0.8851115107536316,64149.72582164593
5fb4e5c3-dc90-42e6-860b-b71d326d3003,1744038921.9428742,model_0,cup,0.28839540481567383,31534.886815957725
3a01eb66-31e8-4ed5-bd78-564b6a91d098,1744038921.9428742,model_0,cup,0.8532411456108093,26641.231525719166
51cfbc1c-93c9-4406-9b97-f0d8d60f3214,1744038921.9428742,model_0,cup,0.8820607662200928,20310.032910346985
64921eeb-6549-4de1-b822-7c3baf8b98c2,1744038921.9428742,model_0,cup,0.8646125197410583,23956.086598336697
bfcef7df-6970-4079-a32c-7e8d93f5c8c1,1744038921.9428742,model_0,cup,0.881046712398529,21206.450831785332
7fece022-2842-47e0-8f02-d94ca3459785,1744038921.9428742,model_0,cup,0.8351723551750183,24090.412479617633
6f2ff53b-0977-4795-8aad-b62f5bda208f,1744038921.9428742,model_0,cup,0.8348053693771362,15310.783600330353
36e67053-e419-4212-b6e4-24f8450edf2c,1744038921.9428742,model_0,cup,0.8488613963127136,124773.54720163345
586c66d9-b2c3-44de-8a46-2e3123fd7ece,1744038921.9428742,model_0,cup,0.876071035861969,5186.889983870089
1cea9475-04a7-4f4f-870e-58bf18885e2d,1744038921.9428742,model_0,cup,0.918550968170166,46760.56697964668
70140fe9-228b-439f-8617-691aff32098e,1744038921.9428742,model_0,timmies,0.8033143281936646,105456.95201695524
75806134-8468-4f6e-8986-d3e68c63c03e,1744038921.9428742,model_0,cup,0.8903960585594177,66744.57097465126
b11e4fee-35ac-4023-8ef8-91dcbbdd247d,1744038921.9428742,model_0,cup,0.8452321887016296,53688.312704192474
0e024e67-6027-4176-97cd-f12a61ef4de4,1744038921.9428742,model_0,cup,0.7337090373039246,189441.04534740373
7a94c7e5-0d22-4855-be62-576a2e4b60f6,1744038921.9428742,model_0,cup,0.6923385858535767,131386.9212281555
35ad44c3-e277-48ae-bb99-0c6b2ca1754d,1744038921.9428742,model_0,cup,0.935030460357666,139620.5087387897
d6facda7-ae79-43ac-b757-ec9e8bb8514a,1744038921.9428742,model_0,cup,0.9172001481056213,192360.54532011598
309885a8-2bc4-4209-bf93-ed60c0d7ba1b,1744038921.9428742,model_0,cup,0.9351531267166138,133601.81203454733
a41444f6-8c17-4ee2-9e0a-47f30450b471,1744038921.9428742,model_0,cup,0.8794565200805664,230088.92947019357
0dad536c-cd83-4400-a0e3-133326c1c984,1744038921.9428742,model_0,cup,0.8807569742202759,251390.71213329583
8f08fdac-3e3f-490d-8757-1f6bb10db443,1744038921.9428742,model_0,cup,0.7152063250541687,50166.79807821289
4b0c030d-02d2-400d-9816-ee6f56e2939f,1744038921.9428742,model_0,cup,0.9007636308670044,194172.27280969732
b8fe8dca-9fec-4e94-8713-0b217762d165,1744038921.9428742,model_0,cup,0.8916690349578857,200641.5959136635
aaa51ec0-f975-44b5-82a8-ea30fb84affd,1744038921.9428742,model_0,cup,0.9310048818588257,131270.01652860735
3a289084-e57f-4f18-baea-1466892e5b3c,1744038921.9428742,model_0,cup,0.9395859241485596,132115.52745015454
022fcf2b-b6d4-428b-903d-148d6d5c9ac5,1744038921.9428742,model_0,cup,0.886048436164856,181130.44670317322
65a3564b-f17d-461b-835b-c894d3728763,1744038921.9428742,model_0,cup,0.9074802994728088,232425.70395670086
0bd70f10-ffb3-4b36-984f-400d29410c1a,1744038921.9428742,model_0,cup,0.8780239224433899,72605.83888366492
a57793bc-d68a-4222-85c1-8ea9527efbc3,1744038921.9428742,model_0,cup,0.8967447876930237,44805.14355173707
9b0661c1-73bc-4614-a406-b85cb32000f1,1744038921.9428742,model_0,cup,0.8741994500160217,65900.71495507285
43f464e2-5007-4ae4-b0c6-ab42b2134f39,1744038921.9428742,model_0,cup,0.873386800289154,102578.39119275194
7e764ac0-4ba5-4623-8009-ff7525daf25f,1744038921.9428742,model_0,cup,0.8390024304389954,42109.03768510185
4df95728-b309-4918-a720-5e3fd5e90d7e,1744038921.9428742,model_0,timmies,0.8458317518234253,27441.93546934426
03e7f401-1847-4acd-b3f4-bc7f51400c6b,1744038921.9428742,model_0,cup,0.873070240020752,262031.22978342324
d2ac77d4-0689-40e0-8b3d-d48f1cab67ee,1744038921.9428742,model_0,cup,0.8872725963592529,195168.1414783001
408a0aa6-58fa-4806-9445-ea4e22a501fe,1744038921.9428742,model_0,cup,0.9091455936431885,148267.49843806028
635ac5ee-2f93-4c14-b67b-917e3ce0c5a3,1744038921.9428742,model_0,cup,0.8701888918876648,106640.18133692443
635ac5ee-2f93-4c14-b67b-917e3ce0c5a3,1744038921.9428742,model_0,cup,0.8333935737609863,63644.99852567073
781fbd8d-b7a5-475d-8687-e4d0091d03b7,1744038921.9428742,model_0,cup,0.8722676634788513,219667.06232194602
ac927d5a-ab68-4dcd-add1-ef914538a30c,1744038921.9428742,model_0,cup,0.9171706438064575,58450.29455788527
b6682ea7-a7d8-4335-982a-eefab9a04c52,1744038921.9428742,model_0,cup,0.877795398235321,87868.6770019941
def292d8-408b-4538-8c9a-eb19e3886ab8,1744038921.9428742,model_0,cup,0.8140638470649719,38407.54995556176
e6a28c25-331e-4004-8660-452fb4540d8e,1744038921.9428742,model_0,timmies,0.9190563559532166,105132.41791507602
7f12ad96-c832-4e0b-86d3-3e08d1cbb59e,1744038921.9428742,model_0,cup,0.8489859104156494,16556.338644884527
dc9585e5-56f5-4d26-b767-b15e684d73a2,1744038921.9428742,model_0,cup,0.9136243462562561,60437.53451173194
dc9585e5-56f5-4d26-b767-b15e684d73a2,1744038921.9428742,model_0,cup,0.8606393933296204,51735.94261280075
71a58506-e4a9-40ce-959a-799c981220e5,1744038921.9428742,model_0,cup,0.8946554660797119,179423.6064393334
718d1dc3-bf63-453d-b9fb-0f4f8315007b,1744038921.9428742,model_0,cup,0.9227237701416016,145036.34049968328
bd2723d8-6730-47e0-8e14-aa771a32fcdd,1744038921.9428742,model_0,cup,0.8888945579528809,167650.69937431812
0b492eff-a265-4e03-a137-c08250119722,1744038921.9428742,model_0,cup,0.8995620012283325,169812.5633599162
ef0c3c7e-9938-4c3c-a569-35b0afb3ff42,1744038921.9428742,model_0,cup,0.8597989082336426,100091.03311691433
36dbd760-404b-4039-9f31-5272f47c7c27,1744038921.9428742,model_0,timmies,0.9142263531684875,45167.237108789384
36dbd760-404b-4039-9f31-5272f47c7c27,1744038921.9428742,model_0,timmies,0.7879042029380798,43990.72615431249
c7166e5e-1782-4989-8c65-791ae96b0946,1744038921.9428742,model_0,timmies,0.8575965166091919,44244.694774478674
10c7bc75-ea7e-4f68-9716-8a168c4480b7,1744038921.9428742,model_0,timmies,0.8392030000686646,38236.56975647621
ddb62842-6fd2-451a-a076-80802f38f594,1744038921.9428742,model_0,cup,0.8616255521774292,33041.203628206626
44afb541-c069-431c-9aa2-cf4e25c29e3d,1744038921.9428742,model_0,cup,0.8788322806358337,131687.63332995772
a00fc2f8-079c-4919-9791-441e9b87d2ff,1744038921.9428742,model_0,timmies,0.765840470790863,58121.71673112549
2f18eafd-07af-47cc-96e8-f22070ff46c7,1744038921.9428742,model_0,timmies,0.49438536167144775,56442.40695087612
21b47e2e-d2b9-4329-a037-169e65ec2b56,1744038921.9428742,model_0,timmies,0.43510541319847107,86356.55116834491
ccf31bf1-b13d-42ee-8468-ff51c0079f2c,1744038921.9428742,model_0,cup,0.8790666460990906,24007.673165299
92d828fa-96e0-4fbe-a212-0eb3179dacc6,1744038921.9428742,model_0,cup,0.9075919985771179,50392.681302420795
94bf86d1-ce70-41ed-881d-1c6645e3e6fa,1744038921.9428742,model_0,cup,0.8706516623497009,18787.829830661416
08035d25-12a5-42e3-963e-dcac9cdea56f,1744038921.9428742,model_0,timmies,0.8858214616775513,52470.55753302947
616a1c7e-78e7-4f2a-a3ba-33cae07a7bcf,1744038921.9428742,model_0,cup,0.9055476784706116,95174.72664705664
faf48b45-0187-4460-a9a1-dea53698398f,1744038921.9428742,model_0,timmies,0.9117190837860107,66896.29208325618
e19e2ece-2bea-4804-b38c-9dcf13662436,1744038921.9428742,model_0,cup,0.8108879923820496,40571.010472767055
c5cf6167-3df9-4d14-a544-9f4bc2bdb9cf,1744038921.9428742,model_0,cup,0.8645360469818115,24665.606981921475
4e02981a-98d1-48c0-8f46-5ef394a4b107,1744038921.9428742,model_0,cup,0.8374201059341431,9546.147271180991
67f2dc05-7858-4c26-84a1-894fa5f5ec70,1744038921.9428742,model_0,cup,0.8040134906768799,44280.74749365449
abbc47b2-d3cc-4850-b33a-0f7063d74f5a,1744038921.9428742,model_0,cup,0.8059826493263245,96273.38854640722
c7a26461-64c4-43fa-b985-cc9067fd4358,1744038921.9428742,model_0,cup,0.8587700128555298,70753.90901318192
ff3e5c4f-764e-40af-abc2-7a37aa2f1099,1744038921.9428742,model_0,cup,0.8791542053222656,14498.861076682806
fe60f240-5405-4bc4-a264-aa30a3bb888b,1744038921.9428742,model_0,cup,0.8795692920684814,282241.8404710889
fe60f240-5405-4bc4-a264-aa30a3bb888b,1744038921.9428742,model_0,cup,0.8431831002235413,71247.86280305125
5e02839d-8b18-46e8-9ce2-48dc403656b6,1744038921.9428742,model_0,cup,0.8404324650764465,89655.06873809267
92e7ed54-1f93-469b-bbf6-c9d317ad152c,1744038921.9428742,model_0,cup,0.7440781593322754,57264.10949906916
01fa45bc-2d0a-4922-bfe8-66d96b79e016,1744038921.9428742,model_0,timmies,0.7930596470832825,160258.94230498374
43608da3-7db0-4747-860b-2e5519df019a,1744038921.9428742,model_0,cup,0.914719820022583,295916.71942786407
8ab248bb-12a6-45da-a62f-79423ab729a4,1744038921.9428742,model_0,cup,0.8792577981948853,272087.43049424514
58d97570-efe6-4fca-b575-65fcf2fdb745,1744038921.9428742,model_0,cup,0.9059802293777466,302446.63371337205
5a554592-1320-4f31-abdf-8d6ec7fe9d42,1744038921.9428742,model_0,cup,0.9249603748321533,308605.7537269145
831408db-1a68-4a39-9de6-587fcbf84988,1744038921.9428742,model_0,cup,0.9249638319015503,237685.27416679263
67aefc45-4621-47a6-9d6a-c104a2b13aa2,1744038921.9428742,model_0,cup,0.9220337867736816,296364.17826853506
daf5507e-699a-4ded-b82a-50c92e78b654,1744038921.9428742,model_0,cup,0.8926616311073303,205911.14130842686
f0df3962-3bc4-4738-b592-feb0a581287d,1744038921.9428742,model_0,cup,0.9304373264312744,120735.69475089014
ebbf5b49-3a6e-4e4b-a9f0-165200be0998,1744038921.9428742,model_0,cup,0.9045102596282959,28094.427428899333
ebbf5b49-3a6e-4e4b-a9f0-165200be0998,1744038921.9428742,model_0,cup,0.862712562084198,31384.60192771256
6d84723a-b808-4608-8156-3e33e5ab1138,1744038921.9428742,model_0,cup,0.9138688445091248,75963.0091647543
6d84723a-b808-4608-8156-3e33e5ab1138,1744038921.9428742,model_0,cup,0.8739914894104004,11080.155536348
8ff3e058-9980-4254-9067-e6399d55398f,1744038921.9428742,model_0,cup,0.8992975354194641,248200.25786242075
1a0f32c1-1aca-4ee6-9fe8-33c0c187068d,1744038921.9428742,model_0,cup,0.8970097303390503,227909.69602330402
8c38689f-5e18-483d-b278-c0fcfb45129d,1744038921.9428742,model_0,cup,0.9146715402603149,177709.7115145102
72e36828-b4a9-43ca-bd04-8ed1bd1e5f4f,1744038921.9428742,model_0,cup,0.3460695445537567,22329.454604625702
37b46069-30fc-497f-abd6-4365737ef0a9,1744038921.9428742,model_0,cup,0.8963661789894104,102511.91924458742
41a3336e-11dd-4e2e-8f9d-382a79f5f331,1744038921.9428742,model_0,cup,0.8911182880401611,107945.54069806356
18854a9a-7a98-413c-a9e7-9217e8c10bf1,1744038921.9428742,model_0,cup,0.9021403789520264,62176.19814153295
07a1e9e9-143f-40de-9b29-b00d7a55ce7f,1744038921.9428742,model_0,cup,0.8360844254493713,10089.064190842211
acf515ec-a507-4682-95b5-59d64a1039bd,1744038921.9428742,model_0,cup,0.9086247086524963,49643.07295477041
0b2ac95d-41be-475c-a6ed-d7dfb58071d9,1744038921.9428742,model_0,cup,0.9103285074234009,79062.96219712961
49cb18d1-f2e4-4f78-8e46-a248f0309eb4,1744038921.9428742,model_0,cup,0.9040342569351196,49934.82626440097
0db44989-4a66-43a9-a540-b24ee17b70a0,1744038921.9428742,model_0,cup,0.8877750039100647,93245.13825954497
84dd69ba-d272-4837-95fa-9738a7cbd57c,1744038921.9428742,model_0,cup,0.8930260539054871,96600.70828054473
84dd69ba-d272-4837-95fa-9738a7cbd57c,1744038921.9428742,model_0,cup,0.8909873962402344,72255.2547505498
37af5958-2d67-4551-8758-9f3fdfbc4bf2,1744038921.9428742,model_0,cup,0.8983340859413147,91040.10387104005
b2d266f3-eaa3-4199-9a3c-a7fc437e59ae,1744038921.9428742,model_0,cup,0.9466119408607483,39285.177718561376
80327774-3071-469d-b1be-8cf2ccaa3450,1744038921.9428742,model_0,cup,0.8885993361473083,56060.898577705026
b8f5a007-e023-4cb2-af9e-a8b34971f532,1744038921.9428742,model_0,cup,0.8081719279289246,16316.269833818078
b8f5a007-e023-4cb2-af9e-a8b34971f532,1744038921.9428742,model_0,cup,0.718765914440155,15392.318591617048
b8f5a007-e023-4cb2-af9e-a8b34971f532,1744038921.9428742,model_0,timmies,0.5598544478416443,16160.7968833521
1883fb9d-0ea4-43dd-b848-64561bd7c15e,1744038921.9428742,model_0,timmies,0.8736187815666199,61622.89103606343
1883fb9d-0ea4-43dd-b848-64561bd7c15e,1744038921.9428742,model_0,timmies,0.8717029690742493,60842.44113186747
7fb77520-a1b6-4ac8-8f0c-af06d0ad0093,1744038921.9428742,model_0,timmies,0.8324617743492126,26756.639048427343
7fb77520-a1b6-4ac8-8f0c-af06d0ad0093,1744038921.9428742,model_0,cup,0.6480615139007568,24628.111219939776
7fb77520-a1b6-4ac8-8f0c-af06d0ad0093,1744038921.9428742,model_0,timmies,0.6297979950904846,25339.805109641515
19ff675e-dfd8-4022-afe8-0c8393c53555,1744038921.9428742,model_0,cup,0.8486413359642029,30172.129387646914
a5363a4d-2a10-45de-98a6-6d8996444ce2,1744038921.9428742,model_0,cup,0.8504152894020081,9538.868259966373
d839bcfa-5831-463f-ba1d-0a60d17ec20d,1744038921.9428742,model_0,cup,0.8739871382713318,36311.732147278264
4a95ff55-3c81-4282-b5b0-d7ee97ff90b3,1744038921.9428742,model_0,cup,0.8852156400680542,55915.45707254112
157d99db-56ec-493d-a100-fe14fd78d5ae,1744038921.9428742,model_0,cup,0.8856452107429504,38284.23448652029
14d6e75b-91c7-4bbb-b2c7-185219192b67,1744038921.9428742,model_0,cup,0.8821290731430054,37857.97275021672
9f87afc8-defc-4ff5-937c-0b78c6b46637,1744038921.9428742,model_0,cup,0.8462604284286499,66582.83081508055
7ced98dc-eb5d-4e4c-a39a-11f319d181f5,1744038921.9428742,model_0,cup,0.8917946815490723,50014.40705348505
d8d88934-2763-444f-8745-ceb7b1971402,1744038921.9428742,model_0,cup,0.8384941220283508,55291.389718818944
8304484b-294a-47a8-9552-94870fbeb2f3,1744038921.9428742,model_0,cup,0.8848843574523926,60554.22334329784
c78da2f8-bc54-4f76-9946-e3a0b9083bb1,1744038921.9428742,model_0,cup,0.8959157466888428,45195.64292828925
261aaec6-50cb-49bd-b1e6-2d89661f1eee,1744038921.9428742,model_0,cup,0.8495133519172668,93233.37678884319
f59d5dc9-66bf-4225-841b-57187de4fa13,1744038921.9428742,model_0,cup,0.7892374396324158,6958.5807504868135
f59d5dc9-66bf-4225-841b-57187de4fa13,1744038921.9428742,model_0,timmies,0.7822446823120117,13921.030984081328
f59d5dc9-66bf-4225-841b-57187de4fa13,1744038921.9428742,model_0,timmies,0.745959997177124,6979.377835806459
f59d5dc9-66bf-4225-841b-57187de4fa13,1744038921.9428742,model_0,timmies,0.7394642233848572,6756.515684053302
f59d5dc9-66bf-4225-841b-57187de4fa13,1744038921.9428742,model_0,cup,0.5793458223342896,12954.437032720074
f59d5dc9-66bf-4225-841b-57187de4fa13,1744038921.9428742,model_0,cup,0.4811304807662964,11070.323630142957
f59d5dc9-66bf-4225-841b-57187de4fa13,1744038921.9428742,model_0,timmies,0.47950279712677,10954.128136698157
2169626e-abec-424d-85ae-7b764b616011,1744038921.9428742,model_0,timmies,0.7007222771644592,69099.4862037152
443cdf07-0bc3-4d96-967d-ff6839164239,1744038921.9428742,model_0,cup,0.892212986946106,13556.49465774186
443cdf07-0bc3-4d96-967d-ff6839164239,1744038921.9428742,model_0,cup,0.888623058795929,17418.661663932726
443cdf07-0bc3-4d96-967d-ff6839164239,1744038921.9428742,model_0,cup,0.8764840364456177,9921.946347039193
443cdf07-0bc3-4d96-967d-ff6839164239,1744038921.9428742,model_0,cup,0.875214695930481,15479.960804358125
443cdf07-0bc3-4d96-967d-ff6839164239,1744038921.9428742,model_0,cup,0.8656843900680542,12603.621946290135
5b5d0542-3c56-4732-93be-4ce71e14043d,1744038921.9428742,model_0,cup,0.8537776470184326,24224.69659843482
5b5d0542-3c56-4732-93be-4ce71e14043d,1744038921.9428742,model_0,cup,0.8328800797462463,33094.33295677602
5b5d0542-3c56-4732-93be-4ce71e14043d,1744038921.9428742,model_0,cup,0.8292233347892761,23624.363982129842
5b5d0542-3c56-4732-93be-4ce71e14043d,1744038921.9428742,model_0,cup,0.8168566226959229,22866.15489399433
5b5d0542-3c56-4732-93be-4ce71e14043d,1744038921.9428742,model_0,cup,0.8156449198722839,17566.12758871354
f83443c0-3e44-4704-98f9-28b2b63005be,1744038921.9428742,model_0,cup,0.8804157376289368,19148.85584362084
f83443c0-3e44-4704-98f9-28b2b63005be,1744038921.9428742,model_0,cup,0.8766629695892334,14641.328828388825
f83443c0-3e44-4704-98f9-28b2b63005be,1744038921.9428742,model_0,cup,0.8713730573654175,13684.786087553948
f83443c0-3e44-4704-98f9-28b2b63005be,1744038921.9428742,model_0,cup,0.8666823506355286,11160.969179987907
f83443c0-3e44-4704-98f9-28b2b63005be,1744038921.9428742,model_0,cup,0.8451439142227173,13579.84969830513
c6f11e1e-7ed1-4b69-813c-c5b40a28483d,1744038921.9428742,model_0,cup,0.8606332540512085,51461.64333444834
c6f11e1e-7ed1-4b69-813c-c5b40a28483d,1744038921.9428742,model_0,cup,0.8486384153366089,22255.100506983697
c6f11e1e-7ed1-4b69-813c-c5b40a28483d,1744038921.9428742,model_0,cup,0.8316701054573059,44210.92917836085
c6f11e1e-7ed1-4b69-813c-c5b40a28483d,1744038921.9428742,model_0,cup,0.8227860927581787,30279.644075103104
c6f11e1e-7ed1-4b69-813c-c5b40a28483d,1744038921.9428742,model_0,cup,0.8065631985664368,20507.542253335007
f322303b-a558-4660-be1b-9407f8dbd458,1744038921.9428742,model_0,cup,0.8879224061965942,27704.246551543474
f322303b-a558-4660-be1b-9407f8dbd458,1744038921.9428742,model_0,cup,0.8854755759239197,12501.26833572518
f322303b-a558-4660-be1b-9407f8dbd458,1744038921.9428742,model_0,cup,0.8809393048286438,18687.120085537434
f322303b-a558-4660-be1b-9407f8dbd458,1744038921.9428742,model_0,cup,0.868414580821991,13404.928294667974
f322303b-a558-4660-be1b-9407f8dbd458,1744038921.9428742,model_0,cup,0.8492900729179382,34802.145321568474
45b15ede-178c-485a-aa12-03cccde0d192,1744038921.9428742,model_0,cup,0.8726735711097717,23044.296163141727
45b15ede-178c-485a-aa12-03cccde0d192,1744038921.9428742,model_0,cup,0.855932891368866,17193.563903972507
45b15ede-178c-485a-aa12-03cccde0d192,1744038921.9428742,model_0,cup,0.841926097869873,37965.20579824224
45b15ede-178c-485a-aa12-03cccde0d192,1744038921.9428742,model_0,cup,0.8310827016830444,18793.359886050224
45b15ede-178c-485a-aa12-03cccde0d192,1744038921.9428742,model_0,cup,0.812755286693573,44341.39323262032
517e67a4-ac46-42e5-9cbc-551a10a072b5,1744038921.9428742,model_0,cup,0.8767375946044922,34242.79390992946
517e67a4-ac46-42e5-9cbc-551a10a072b5,1744038921.9428742,model_0,cup,0.8575574159622192,12420.14716476202
517e67a4-ac46-42e5-9cbc-551a10a072b5,1744038921.9428742,model_0,cup,0.8314786553382874,16754.95538386982
517e67a4-ac46-42e5-9cbc-551a10a072b5,1744038921.9428742,model_0,cup,0.8304268717765808,36608.87725652754
517e67a4-ac46-42e5-9cbc-551a10a072b5,1744038921.9428742,model_0,cup,0.8267130255699158,11981.881610646844
05fa3102-9aa3-4bf0-9506-384751d7db9e,1744038921.9428742,model_0,cup,0.8674357533454895,27864.6873512445
05fa3102-9aa3-4bf0-9506-384751d7db9e,1744038921.9428742,model_0,cup,0.8518891930580139,31930.18481957272
05fa3102-9aa3-4bf0-9506-384751d7db9e,1744038921.9428742,model_0,cup,0.8215148448944092,42053.875163301826
05fa3102-9aa3-4bf0-9506-384751d7db9e,1744038921.9428742,model_0,cup,0.8087074160575867,45426.6322722733
05fa3102-9aa3-4bf0-9506-384751d7db9e,1744038921.9428742,model_0,cup,0.8010350465774536,42974.037293732166
27f9acdf-6641-478d-ab12-5ae89d6e12e9,1744038921.9428742,model_0,cup,0.8778670430183411,22462.32585289702
27f9acdf-6641-478d-ab12-5ae89d6e12e9,1744038921.9428742,model_0,cup,0.8443504571914673,13544.096089564264
27f9acdf-6641-478d-ab12-5ae89d6e12e9,1744038921.9428742,model_0,cup,0.833925187587738,19456.809678377584
27f9acdf-6641-478d-ab12-5ae89d6e12e9,1744038921.9428742,model_0,cup,0.7930365800857544,19184.334786608815
27f9acdf-6641-478d-ab12-5ae89d6e12e9,1744038921.9428742,model_0,cup,0.7833823561668396,24648.61197310686
ce62b322-596b-40db-9620-12fe6b9e87a6,1744038921.9428742,model_0,cup,0.8831155896186829,31061.561848312616
ce62b322-596b-40db-9620-12fe6b9e87a6,1744038921.9428742,model_0,cup,0.864208996295929,18176.768259085715
ce62b322-596b-40db-9620-12fe6b9e87a6,1744038921.9428742,model_0,cup,0.8579558730125427,40466.28215082921
ce62b322-596b-40db-9620-12fe6b9e87a6,1744038921.9428742,model_0,cup,0.8505446314811707,28729.816843234003
ce62b322-596b-40db-9620-12fe6b9e87a6,1744038921.9428742,model_0,cup,0.826626181602478,51417.0971371308
e21978ee-5f93-4c6d-bf8b-a0974daa8cd5,1744038921.9428742,model_0,cup,0.8494246006011963,46516.461825586855
e21978ee-5f93-4c6d-bf8b-a0974daa8cd5,1744038921.9428742,model_0,cup,0.7075860500335693,34997.91322564706
e21978ee-5f93-4c6d-bf8b-a0974daa8cd5,1744038921.9428742,model_0,cup,0.5742868781089783,27555.974425911903
e21978ee-5f93-4c6d-bf8b-a0974daa8cd5,1744038921.9428742,model_0,cup,0.2810453474521637,43774.99595886469
5db1da5e-2d98-43c8-a8d7-d04cbce9137e,1744038921.9428742,model_0,cup,0.8102723360061646,31078.394342603162
5db1da5e-2d98-43c8-a8d7-d04cbce9137e,1744038921.9428742,model_0,cup,0.7768866419792175,39151.89858857542
5db1da5e-2d98-43c8-a8d7-d04cbce9137e,1744038921.9428742,model_0,cup,0.7723144888877869,28047.167187457904
5db1da5e-2d98-43c8-a8d7-d04cbce9137e,1744038921.9428742,model_0,cup,0.5625783801078796,50806.4511776641
4df8e45c-16fd-4fd1-8816-a4cc3155fddd,1744038921.9428742,model_0,cup,0.8993822336196899,50050.17305994034
4df8e45c-16fd-4fd1-8816-a4cc3155fddd,1744038921.9428742,model_0,cup,0.8962971568107605,26233.278312021866
4df8e45c-16fd-4fd1-8816-a4cc3155fddd,1744038921.9428742,model_0,cup,0.8920183181762695,28600.007054008543
4df8e45c-16fd-4fd1-8816-a4cc3155fddd,1744038921.9428742,model_0,cup,0.6523953676223755,16606.12430794537
4df8e45c-16fd-4fd1-8816-a4cc3155fddd,1744038921.9428742,model_0,cup,0.38877683877944946,25210.123584969202
a30e391d-0d02-4b93-8cac-6a03d79f54bf,1744038921.9428742,model_0,cup,0.9178150296211243,31222.566238604486
a30e391d-0d02-4b93-8cac-6a03d79f54bf,1744038921.9428742,model_0,cup,0.894900918006897,52712.4976760298
a30e391d-0d02-4b93-8cac-6a03d79f54bf,1744038921.9428742,model_0,cup,0.870465099811554,23448.925500626676
c194b5ae-4c87-41a8-962b-376e1e55d20b,1744038921.9428742,model_0,cup,0.8822519779205322,47334.86050349474
c194b5ae-4c87-41a8-962b-376e1e55d20b,1744038921.9428742,model_0,cup,0.8223237991333008,82893.86140293628
c194b5ae-4c87-41a8-962b-376e1e55d20b,1744038921.9428742,model_0,cup,0.7749103307723999,38851.242139237
878f2fbf-650e-4688-9bcf-f7276b3e85fa,1744038921.9428742,model_0,cup,0.8849167227745056,49043.922707758844
878f2fbf-650e-4688-9bcf-f7276b3e85fa,1744038921.9428742,model_0,cup,0.8733817338943481,24758.223192572594
878f2fbf-650e-4688-9bcf-f7276b3e85fa,1744038921.9428742,model_0,cup,0.8723559379577637,33896.61695786938
878f2fbf-650e-4688-9bcf-f7276b3e85fa,1744038921.9428742,model_0,cup,0.8360773324966431,55548.33551040385
878f2fbf-650e-4688-9bcf-f7276b3e85fa,1744038921.9428742,model_0,cup,0.810272753238678,17676.638812685385
27c4c933-1261-43bb-b9b6-f635223d6ade,1744038921.9428742,model_0,cup,0.8812414407730103,28384.4342694059
27c4c933-1261-43bb-b9b6-f635223d6ade,1744038921.9428742,model_0,cup,0.8706716895103455,40265.17880295217
27c4c933-1261-43bb-b9b6-f635223d6ade,1744038921.9428742,model_0,cup,0.8693706393241882,27120.15398077201
27c4c933-1261-43bb-b9b6-f635223d6ade,1744038921.9428742,model_0,cup,0.8639135956764221,33272.0509777742
27c4c933-1261-43bb-b9b6-f635223d6ade,1744038921.9428742,model_0,cup,0.8577410578727722,23410.72888600838
27c4c933-1261-43bb-b9b6-f635223d6ade,1744038921.9428742,model_0,cup,0.32408392429351807,8222.367768858676
2d35646f-a078-4c1d-8cbd-40579aa68022,1744038921.9428742,model_0,cup,0.9008777737617493,30249.37236062251
2d35646f-a078-4c1d-8cbd-40579aa68022,1744038921.9428742,model_0,cup,0.8818476796150208,23466.177617311478
2d35646f-a078-4c1d-8cbd-40579aa68022,1744038921.9428742,model_0,cup,0.8792456984519958,23461.457084089518
2d35646f-a078-4c1d-8cbd-40579aa68022,1744038921.9428742,model_0,cup,0.871250569820404,21196.807114638388
0dc2d941-4802-4671-afa5-b3e4c02d0a07,1744038921.9428742,model_0,cup,0.8690058588981628,19113.276172056794
0dc2d941-4802-4671-afa5-b3e4c02d0a07,1744038921.9428742,model_0,cup,0.8590250611305237,18408.095636069775
0dc2d941-4802-4671-afa5-b3e4c02d0a07,1744038921.9428742,model_0,cup,0.849093496799469,19773.673723474145
0dc2d941-4802-4671-afa5-b3e4c02d0a07,1744038921.9428742,model_0,cup,0.8060121536254883,19390.690959786996
e589d6a6-333c-4113-98f5-3740d524f219,1744038921.9428742,model_0,cup,0.8490023016929626,20653.078420758247
e589d6a6-333c-4113-98f5-3740d524f219,1744038921.9428742,model_0,cup,0.8323899507522583,17855.82661230862
e589d6a6-333c-4113-98f5-3740d524f219,1744038921.9428742,model_0,cup,0.832234799861908,15335.992136858404
e589d6a6-333c-4113-98f5-3740d524f219,1744038921.9428742,model_0,cup,0.7582437992095947,39783.525615766644
45e5722c-26c2-42d4-999b-20369bd15c67,1744038921.9428742,model_0,cup,0.8832888007164001,11206.197062693536
45e5722c-26c2-42d4-999b-20369bd15c67,1744038921.9428742,model_0,cup,0.8816683292388916,15437.78469760716
45e5722c-26c2-42d4-999b-20369bd15c67,1744038921.9428742,model_0,cup,0.8687740564346313,12962.598139757756
45e5722c-26c2-42d4-999b-20369bd15c67,1744038921.9428742,model_0,cup,0.8627655506134033,28000.721774332225
526e58b1-e514-4c42-9ac0-332d0b017d3f,1744038921.9428742,model_0,cup,0.8694801330566406,19693.856156660244
526e58b1-e514-4c42-9ac0-332d0b017d3f,1744038921.9428742,model_0,cup,0.8569835424423218,22180.70385977626
526e58b1-e514-4c42-9ac0-332d0b017d3f,1744038921.9428742,model_0,cup,0.8417258858680725,18699.28072862327
526e58b1-e514-4c42-9ac0-332d0b017d3f,1744038921.9428742,model_0,cup,0.8416061401367188,21220.88647738099
8c14f89d-6b8f-4ad1-bcdc-03e0249fa986,1744038921.9428742,model_0,cup,0.864630937576294,78540.25693340227
9e0e84cd-b84e-47ce-88f5-6fc1a4286900,1744038921.9428742,model_0,cup,0.7984338402748108,126055.06832930166
3fac510b-1ed4-4960-a800-483802034740,1744038921.9428742,model_0,cup,0.8272740840911865,95351.34334820509
dfca6db2-d53e-4710-8caa-412476e36aeb,1744038921.9428742,model_0,cup,0.8990733623504639,53544.13284483645
ca22ae45-f4ea-473f-9e7e-de184f9125fd,1744038921.9428742,model_0,cup,0.8045361638069153,68677.49615285546
130e2dd2-b5fa-46c7-b920-001f2a1f8843,1744038921.9428742,model_0,cup,0.8029037117958069,40291.72612563521
428e099d-9f05-41cd-9666-9a641934a37a,1744038921.9428742,model_0,cup,0.8462960124015808,159602.28178467602
40f72cb6-8824-4ea0-a58d-1c11af85c437,1744038921.9428742,model_0,cup,0.8815051317214966,91890.09514291771
7b518e4c-c7e6-45ed-a598-768656dcc23b,1744038921.9428742,model_0,timmies,0.863312840461731,102733.5346691031
cc31f922-bd47-46b6-a4f4-c6465661eadc,1744038921.9428742,model_0,timmies,0.9044851660728455,37474.6701976601
70d34186-8802-4433-8080-7755ffb6d533,1744038921.9428742,model_0,timmies,0.847085177898407,168013.46712715924
0b4bb486-d604-429f-ae2d-a9a0271cbb51,1744038921.9428742,model_0,timmies,0.8699784278869629,68195.3257722035
802d0838-22f6-4a75-9e27-2dac9f9a008a,1744038921.9428742,model_0,timmies,0.8492977619171143,86765.6192999063
11a5ef7f-91cc-4f20-9b8e-6a2fb1c5e2c5,1744038921.9428742,model_0,timmies,0.8785203099250793,54233.08188139647
fd79f169-74ec-4382-a9d7-784b0333bb0b,1744038921.9428742,model_0,timmies,0.9226599931716919,45650.62897078693
fb6296c2-39bf-40a2-91ba-8a99766418b2,1744038921.9428742,model_0,timmies,0.8434433341026306,131973.1690068897
f81f0ca8-56b9-4de2-a3b7-74d25706f1b5,1744038921.9428742,model_0,timmies,0.9102592468261719,71632.44485892355
eb7c2b41-abb2-402d-a605-f66645545ce5,1744038921.9428742,model_0,timmies,0.8487758636474609,108905.76960757957
358d56bb-4ae5-4d2e-8897-2257989ef072,1744038921.9428742,model_0,timmies,0.875246524810791,147294.513752684
0ab08ce1-ed86-4dff-bd44-5181c8a440f3,1744038921.9428742,model_0,timmies,0.887265682220459,88236.98469304293
a06e4a63-ee4f-4d94-bc06-4975e67b150f,1744038921.9428742,model_0,timmies,0.8599611520767212,129589.99966483936
76d5aae1-4bf6-4e47-86c1-76c2230f5046,1744038921.9428742,model_0,timmies,0.8529989123344421,113294.0246158375
dc1ee7b2-3c74-4f47-9824-7917b429d4a9,1744038921.9428742,model_0,timmies,0.8999903202056885,103366.64004464261
733c21f2-cef2-46c0-85b7-c649fa6bdef8,1744038921.9428742,model_0,timmies,0.8937053680419922,15888.799492567778
3dd5caad-a57b-4722-8808-b93179ec5fa8,1744038921.9428742,model_0,timmies,0.8836032152175903,17766.55370697379
f658b626-8546-4cc3-a129-d490f088c567,1744038921.9428742,model_0,timmies,0.892011284828186,150663.23625767557
fb49c095-c0c6-491e-af14-60e464e93b4e,1744038921.9428742,model_0,timmies,0.8917397260665894,162125.08648054674
18f8f78d-9e79-4d21-8216-620a4e35797b,1744038921.9428742,model_0,timmies,0.9056058526039124,95935.49974713475
cbbeb75c-4ac9-4af2-9c6f-fd8f302eb47b,1744038921.9428742,model_0,timmies,0.8736743927001953,180152.35074299946
2c8c06e7-e7bf-4c03-83a0-dc08738acaf7,1744038921.9428742,model_0,cup,0.8959073424339294,120449.97063050978
3146ddd3-9cbb-4582-a207-433a75c2860f,1744038921.9428742,model_0,timmies,0.8601775765419006,140274.18739757873
67c78cfd-f216-4bc4-9dbd-c8800d15c500,1744038921.9428742,model_0,timmies,0.8930794596672058,20335.251022718847
adb3ae9e-f368-473e-b9ce-9c3634e6974a,1744038921.9428742,model_0,timmies,0.8857910633087158,36396.6115237996
f6afe9fe-e212-43ff-973a-9849b177cf2b,1744038921.9428742,model_0,timmies,0.856779158115387,33773.84005850181
159a5788-c622-4dc9-8557-91e259fc8ed1,1744038921.9428742,model_0,timmies,0.8288162350654602,222163.40093684196
9030edfa-a9e9-44e5-ada1-0cbc8f634393,1744038921.9428742,model_0,cup,0.8423722982406616,198527.55974283535
4418e406-023b-4da5-8025-04b9896792ac,1744038921.9428742,model_0,timmies,0.889365553855896,101761.08957316261
74d81ca7-14a3-44be-8138-1ea69ffb4c03,1744038921.9428742,model_0,timmies,0.8516169786453247,153987.6029914841
933ee6a6-c4b4-4879-b429-374d2405bc5e,1744038921.9428742,model_0,timmies,0.8689367175102234,48769.03901191056
fac34ba3-1cdb-4efd-a41a-bb0161a13d1c,1744038921.9428742,model_0,timmies,0.8515967726707458,77067.62131799781
c6a0cf10-b2c6-4d73-b228-94d02e950abf,1744038921.9428742,model_0,timmies,0.9167189598083496,25036.42719708197
7425ec47-b6e5-47a0-ab43-ce49dd68fbd9,1744038921.9428742,model_0,timmies,0.8573614358901978,41705.10323897749
97bf1595-44ff-4b66-a46b-097240fc9e8f,1744038921.9428742,model_0,timmies,0.8439944982528687,76012.3492058143
e57b38bf-4587-4b18-9843-3bca7983f3e4,1744038921.9428742,model_0,timmies,0.8530771732330322,60020.582339515386
4d2ce29c-133e-46a3-ad12-c26294118bef,1744038921.9428742,model_0,timmies,0.9217948913574219,45633.53229548782
3f546947-406e-479a-804d-e48e93fb19ff,1744038921.9428742,model_0,timmies,0.8866835236549377,63436.74305256829
875dc0ae-87ca-435f-9100-31d22c0e5e63,1744038921.9428742,model_0,timmies,0.8975836038589478,74502.065681607
1780c431-43ed-46d7-97e4-90201709927a,1744038921.9428742,model_0,timmies,0.8563169836997986,71814.63708519936
758fac63-5e0a-45f1-8fa1-58abd1f7f237,1744038921.9428742,model_0,timmies,0.8079071044921875,39859.77786771022
5f045e6b-4949-42e1-bd04-bfa9db1d69cb,1744038921.9428742,model_0,timmies,0.8637455701828003,55256.1518590413
7d6919b1-1cb9-4b83-86c1-ae277a736d2f,1744038921.9428742,model_0,timmies,0.8567860722541809,45323.14989823196
80d7668d-c79c-4764-846c-df3cf743b6c6,1744038921.9428742,model_0,timmies,0.8952516317367554,53792.48799710302
baccb8cd-6864-491b-a618-ac19b5297500,1744038921.9428742,model_0,timmies,0.8735685348510742,83716.51916043833
f167e4c0-644f-4800-a88d-70d083083db6,1744038921.9428742,model_0,timmies,0.9085164070129395,65070.66449544206
1b7d3a88-c94c-4e19-a28a-4ae9ec63bcc3,1744038921.9428742,model_0,timmies,0.8806166648864746,41502.14298788458
5778f0e4-4b39-4382-933d-03644da8f4a9,1744038921.9428742,model_0,timmies,0.850087583065033,60911.19152196217
5c229702-eff9-4b9c-a24f-f345ae4269d0,1744038921.9428742,model_0,timmies,0.8667967319488525,39659.54067944549
3063f614-dd2c-4049-96e0-5bf232174af9,1744038921.9428742,model_0,timmies,0.8711600303649902,11963.041600318626
bc5349ad-0462-40fa-97b7-a267389e863f,1744038921.9428742,model_0,timmies,0.8655989766120911,125976.18026137352
4bb07f11-66ef-4954-8ee3-040d79de37f6,1744038921.9428742,model_0,timmies,0.866621196269989,164702.9162121853
1e4f1e98-6978-4c7e-a5a7-5e6faf182318,1744038921.9428742,model_0,timmies,0.8904954791069031,70551.92150968313
543064e4-6079-42a8-929f-18c0b51a5c21,1744038921.9428742,model_0,timmies,0.8619368076324463,47662.60070043802
1eb3fa02-344e-4ef3-a558-6d11c85c4bef,1744038921.9428742,model_0,timmies,0.9000396728515625,35835.27465828881
54fbe738-f42e-42a8-80d8-8746e4ba17a3,1744038921.9428742,model_0,timmies,0.8708282113075256,11179.769194990396
9278eb83-7f78-4d11-91cf-f954ba2a052f,1744038921.9428742,model_0,timmies,0.8823749423027039,132157.49543228932
1f78a160-9d65-413a-a86a-baae69228a21,1744038921.9428742,model_0,timmies,0.8471454381942749,46634.96086669713
2e642e4d-016b-4a35-a735-fdd70f59e251,1744038921.9428742,model_0,cup,0.8891854882240295,67686.47501960816
21c2cf20-3777-4f5a-a685-16a0745537ad,1744038921.9428742,model_0,cup,0.8824265599250793,44682.48458750546
9c7d3d1d-5455-4513-88ad-9e8e0ca67e1c,1744038921.9428742,model_0,timmies,0.773362398147583,81396.8288211571
9a5a887e-054b-4041-98ec-8ca21db8844a,1744038921.9428742,model_0,timmies,0.8407135009765625,110567.64026507735
55c766ae-952e-404a-bd6e-738cc543476f,1744038921.9428742,model_0,timmies,0.8700949549674988,42444.90697346628
fad87cb3-f5f5-46ad-bc31-0a028b3ed64b,1744038921.9428742,model_0,timmies,0.8508375883102417,57309.38900893554
a6e4f864-b854-4219-8184-eeb8bd1fad06,1744038921.9428742,model_0,timmies,0.8774341344833374,38730.71122406982
3d7d2c7a-ea93-48b3-99e3-ace15c928874,1744038921.9428742,model_0,timmies,0.8290469646453857,67052.70293034613
5ebbf1a0-3625-4638-9f02-6cf5f9e503c4,1744038921.9428742,model_0,timmies,0.8431347608566284,116417.713593808
fe111d52-7041-499a-8379-3a96a9695f44,1744038921.9428742,model_0,timmies,0.8719972372055054,141689.31384768337
b6ef8f03-440f-40f6-beb6-e7cca5e80973,1744038921.9428742,model_0,timmies,0.8598831295967102,101841.77808166854
de74cd8f-1e47-4a8b-a843-789661968c4a,1744038921.9428742,model_0,timmies,0.8199203014373779,125123.43391567469
7866c2a2-5c14-4e46-8a9e-fb13e5bf08d9,1744038921.9428742,model_0,timmies,0.8161982893943787,178446.42142582964
e3f45218-0ac4-413f-8d1e-24629634da3b,1744038921.9428742,model_0,timmies,0.8499308824539185,142584.83993553743
ec700ef9-0cec-49f5-9e96-814beafbd541,1744038921.9428742,model_0,timmies,0.8788350224494934,55761.95481690671
8412e022-10db-4e58-84c1-4b8e56cbc9d7,1744038921.9428742,model_0,timmies,0.8908358812332153,60873.676315460354
3788d817-672a-4800-9d2e-5fc07abe7e18,1744038921.9428742,model_0,timmies,0.923754870891571,120140.24552449211
763e233d-d44d-4999-965d-90866bdf378f,1744038921.9428742,model_0,timmies,0.8824020624160767,55105.08375611901
b9d055c3-0f1d-435f-aec0-809cc8ef8a6c,1744038921.9428742,model_0,timmies,0.8340149521827698,55696.290415728465
9624960e-32ae-46d9-a152-3965ae0bbcb6,1744038921.9428742,model_0,timmies,0.8968935608863831,35861.58290480729
78626e18-c33b-499d-8127-4c961c3b882e,1744038921.9428742,model_0,timmies,0.8167295455932617,125620.77820763085
662feedb-c569-4523-b7f5-2e43052d0f40,1744038921.9428742,model_0,timmies,0.5740147233009338,151651.6816531308
841b7309-2ae0-4358-8cdb-e342a564d5e2,1744038921.9428742,model_0,timmies,0.8146589398384094,222322.28977458645
548986d1-788a-4ce8-abc5-a35a1d47d1ec,1744038921.9428742,model_0,timmies,0.8563072681427002,83512.49718845356
9f40c9dd-944b-42ad-88b8-008d57ff83ff,1744038921.9428742,model_0,timmies,0.8941633701324463,55491.96843787283
b8626615-a046-40af-b69d-238c078816e7,1744038921.9428742,model_0,timmies,0.8941019773483276,28708.900566849858
1d37bc82-2fc7-4c8e-85c3-a46e658bca94,1744038921.9428742,model_0,timmies,0.8957279920578003,22307.82303760387
2fbbe6ac-0415-411c-9324-fb346a820ba2,1744038921.9428742,model_0,timmies,0.8853304386138916,26389.984452538192
5d04f5c4-0086-4e9d-83ac-d89c16e1620f,1744038921.9428742,model_0,timmies,0.8237500190734863,46953.719580731355
d869a36c-2dbd-4e87-b847-7166bfe46f4c,1744038921.9428742,model_0,timmies,0.8124649524688721,95122.49913489819
b203ac4b-6f97-43ab-8bd8-20aa5a1c747b,1744038921.9428742,model_0,timmies,0.8835163712501526,78309.40938967746
7dce613f-b164-42a2-99b0-f522b7264852,1744038921.9428742,model_0,timmies,0.8553038239479065,70816.75086593628
157d4716-aa7d-4671-bdbe-54536e5ccc59,1744038921.9428742,model_0,timmies,0.8018778562545776,115971.86217997223
0b51f237-a700-462c-83b1-e47f8edab84f,1744038921.9428742,model_0,timmies,0.8666063547134399,21033.234872445464
02b959fc-7ef7-449a-8fe0-0c3c6c97cd82,1744038921.9428742,model_0,timmies,0.8706585764884949,68452.32055647671
43050a8e-9e20-4197-bdc8-55eaeb04a8d6,1744038921.9428742,model_0,timmies,0.8470946550369263,114381.60084843636
f29e5636-8a5e-456e-b004-160edce9afb2,1744038921.9428742,model_0,timmies,0.8418822884559631,75989.18724156544
53716d61-fb32-400f-a581-da310e7e4c88,1744038921.9428742,model_0,timmies,0.8169123530387878,119670.93130415305
ba56b573-1847-4e97-b4d6-41bd904499e2,1744038921.9428742,model_0,timmies,0.8333825469017029,131488.11720393877
cc66a904-ef88-4f30-a4e0-310131304814,1744038921.9428742,model_0,timmies,0.8781378865242004,83598.27162239235
d00afd93-4c38-43c5-a214-83253e3b20ec,1744038921.9428742,model_0,timmies,0.8753238320350647,73275.12523071282
9ae59488-12ec-41d8-9747-59ff83d8c090,1744038921.9428742,model_0,timmies,0.8693945407867432,34518.36926384643
126d9349-3432-4ee9-a61b-1bb7f9f26146,1744038921.9428742,model_0,timmies,0.8399565815925598,103971.87253266573
b73a1b31-efad-4d14-99d6-70e4ba098817,1744038921.9428742,model_0,timmies,0.8343698978424072,166531.50573777035
cae737bb-fe8f-4a63-9eef-56e2f828b62c,1744038921.9428742,model_0,timmies,0.8287555575370789,138916.75154375844
348de9d2-2fcf-4806-aa0a-df541bfb3820,1744038921.9428742,model_0,timmies,0.8777331709861755,94142.53141075373
6b341588-924e-4493-94ad-632139728b9b,1744038921.9428742,model_0,timmies,0.8602700233459473,130206.79348064587
7acc05cd-2572-470c-990a-7dead7d76802,1744038921.9428742,model_0,timmies,0.8784202933311462,190387.78252085298
f987607c-9a11-4807-a0be-2391bb895cd7,1744038921.9428742,model_0,timmies,0.8949036002159119,111742.44937608019
e099f181-befe-4df2-aaa7-b5e71d5fe3d7,1744038921.9428742,model_0,timmies,0.8765041828155518,10543.195556323975
bb1607fc-4fc4-42e5-9f6a-dc84d05f794e,1744038921.9428742,model_0,timmies,0.8541356325149536,32798.786546476185
f7e0738b-05ed-413d-bf0d-511631c33e18,1744038921.9428742,model_0,timmies,0.8479965925216675,85334.66096584685
82972d11-6739-47b0-9e5e-46ad799897a7,1744038921.9428742,model_0,timmies,0.8644730448722839,74678.0930338148
d4a08e73-4c70-49df-8970-783099de2051,1744038921.9428742,model_0,timmies,0.867605984210968,58776.04386129021
68e4f8a8-e163-492c-a13b-b35c1b44463b,1744038921.9428742,model_0,timmies,0.897085428237915,78348.97379082441
bfb557db-096e-483b-bb06-ef16d0840478,1744038921.9428742,model_0,timmies,0.8603637218475342,99753.76125454903
c8dc917b-c634-4513-aaa8-c93b27492113,1744038921.9428742,model_0,timmies,0.8585227727890015,87193.4469690118
43fd3c98-10e4-493f-8726-bec6b31729ca,1744038921.9428742,model_0,timmies,0.8245014548301697,123209.98548401427
4c7f08c8-633c-49b4-9483-06af36c32aee,1744038921.9428742,model_0,timmies,0.8636760115623474,67796.62420088425
0f65438c-57b0-4db6-bc48-eccd4537fbc4,1744038921.9428742,model_0,timmies,0.8449036478996277,108769.51260026358
9a7c9755-750f-455e-8f92-796afe475d84,1744038921.9428742,model_0,timmies,0.8633805513381958,59738.475610636175
74e913ee-80f0-499a-9985-4f198817ebbc,1744038921.9428742,model_0,timmies,0.8203694224357605,66392.18657666445
16a6ec82-c678-4f9d-b100-5e34f1fb24dc,1744038921.9428742,model_0,timmies,0.8810299634933472,49812.31485204771
74ffcc57-8cdb-4762-88aa-f2ca3b274f1d,1744038921.9428742,model_0,timmies,0.8674813508987427,13545.97817696631
f92c00c6-bf7a-477d-8314-7c5fa47a7910,1744038921.9428742,model_0,timmies,0.8566133379936218,21234.858321391046
7689fe04-c7bc-471f-898e-e16315e2a900,1744038921.9428742,model_0,timmies,0.8782649636268616,14011.100951511413
00fc82fb-09c7-4c44-9b78-804756484f5b,1744038921.9428742,model_0,timmies,0.8621386289596558,19675.169446460903
ec2a8fd3-617a-4f30-a058-45011c5f85e4,1744038921.9428742,model_0,cup,0.9003251194953918,106093.39039000869
207ea0a4-e72a-4555-a4b1-d7f95a81e013,1744038921.9428742,model_0,cup,0.7490763664245605,173082.4698479846
20db0e2d-eb8f-4f59-9b8e-75cc5c6fa5aa,1744038921.9428742,model_0,timmies,0.8652734160423279,91635.34161492437
b7ece18a-3a81-4882-a424-fac447edf6da,1744038921.9428742,model_0,timmies,0.8276477456092834,102208.19940691441
cea2193f-965b-47a6-b5e1-4d8c777562e5,1744038921.9428742,model_0,timmies,0.8628916144371033,57479.61664646864
fe5ee1e2-0dfd-4afe-af5b-ba438ab05cde,1744038921.9428742,model_0,timmies,0.8711754083633423,45726.43292640243
addf4253-8846-43dd-bf17-db4cf74606c7,1744038921.9428742,model_0,timmies,0.8713436126708984,65007.000443520024
ca2a136d-c6d3-4deb-af64-917138bf3cc2,1744038921.9428742,model_0,timmies,0.8553664684295654,63104.95488842111
187a7c06-ccc6-4c75-9640-40fe2ebd73b7,1744038921.9428742,model_0,timmies,0.8939851522445679,58518.71878518164
ca73aab6-6394-4aab-bca4-da5dd4ab3be9,1744038921.9428742,model_0,timmies,0.8498419523239136,123416.50982119306
c8614d0a-52fc-44ab-aff7-0aa520f7f391,1744038921.9428742,model_0,timmies,0.9093398451805115,39735.97208851669
c38fb49c-8f5b-4110-8248-a0359e958d3c,1744038921.9428742,model_0,timmies,0.8722665309906006,58388.82290587295
757484ea-47e4-454b-9057-d120b27d2fc8,1744038921.9428742,model_0,timmies,0.8589445352554321,50854.19978894573
68ea98b7-ab3a-48ed-8482-cbd0a24cb2f2,1744038921.9428742,model_0,timmies,0.8959059119224548,12121.697080533952
008ffc31-9185-476b-9f77-41ec02185f11,1744038921.9428742,model_0,timmies,0.8839498162269592,54666.92147140205
bf2f3fdf-c0de-4d05-9ec8-c2392c0154e0,1744038921.9428742,model_0,timmies,0.7869150638580322,54650.40928236628
3cc8dff4-3800-490a-a899-cb0ef21692af,1744038921.9428742,model_0,timmies,0.8484681844711304,87914.07144299895
69c3cdd4-7437-4bf6-9913-3a80babc151b,1744038921.9428742,model_0,timmies,0.8338831663131714,120217.62152365409
94acc120-c8b4-429a-ad44-70d19203f724,1744038921.9428742,model_0,timmies,0.8886540532112122,61365.527857174166
8368f38a-390f-43a5-8d35-048b2e5bfbba,1744038921.9428742,model_0,timmies,0.9186634421348572,97561.66180433519
7e1aee93-f2f2-4cea-816e-770e1f02c1b8,1744038921.9428742,model_0,timmies,0.8450309634208679,140125.88010858
502c7351-405b-42fb-b9af-d94d23750c03,1744038921.9428742,model_0,timmies,0.8724626302719116,63325.17112088483
93b70c6a-19a7-4dd5-9b53-c688c26f1438,1744038921.9428742,model_0,timmies,0.8868204951286316,41696.4612583071
ad9d4f52-9b88-4651-8e1d-adf17ff4319f,1744038921.9428742,model_0,timmies,0.8775155544281006,37619.602849658346
4c83dbe6-febd-4900-a633-eaaaf821e08a,1744038921.9428742,model_0,timmies,0.8547773361206055,67185.18817906827
cc81c8fd-f0ea-4133-9081-4341cab4488a,1744038921.9428742,model_0,timmies,0.8738238215446472,61822.4348320961
d3ebbf45-4201-43a3-ba54-4f21354edb19,1744038921.9428742,model_0,timmies,0.8154686093330383,125945.68780045956
3420aae1-ae4d-4f2c-abed-28cd14ec6931,1744038921.9428742,model_0,cup,0.7406350374221802,57152.729007275775
0d81ae70-639b-4d74-b459-f5699fad730d,1744038921.9428742,model_0,timmies,0.827924907207489,70154.36187553406
7637c34f-c3b0-4f83-a546-5f4b026933df,1744038921.9428742,model_0,timmies,0.8653510808944702,70232.47664612532
83c2e3d5-ecde-41d2-b66d-3a0e3cea1258,1744038921.9428742,model_0,timmies,0.850821852684021,116047.3661113421
52302a39-cbf2-433e-8269-eb17f42469c7,1744038921.9428742,model_0,timmies,0.8995789885520935,63901.50344056357
07631218-0e41-4915-8b4c-89b2169a1af2,1744038921.9428742,model_0,timmies,0.894241452217102,70592.04328163713
07631218-0e41-4915-8b4c-89b2169a1af2,1744038921.9428742,model_0,cup,0.7995330691337585,11659.23231124878
07631218-0e41-4915-8b4c-89b2169a1af2,1744038921.9428742,model_0,cup,0.7582751512527466,9971.353220939636
d4ff3b36-ed42-42cc-8d52-d2e6d7931097,1744038921.9428742,model_0,timmies,0.8907750844955444,67414.99228535593
b4635f95-598b-44a2-a5a7-cb34101c64a9,1744038921.9428742,model_0,timmies,0.894623875617981,90645.54057320952
c482507a-9fc6-4b4b-8b90-b30aa82c5875,1744038921.9428742,model_0,timmies,0.8568018078804016,88080.4839155078
f7d22f6f-8d32-4d83-9dae-455a8280be82,1744038921.9428742,model_0,timmies,0.8696181774139404,116846.2468349617
cfdbaae5-4cb1-4f12-9dba-f46b358e6567,1744038921.9428742,model_0,timmies,0.8402628898620605,52662.382536325604
30302a59-b34e-428f-8464-b5768298f488,1744038921.9428742,model_0,timmies,0.8701286911964417,54814.16738946922
2d8173b7-9cc4-4411-b8a4-33a588950383,1744038921.9428742,model_0,timmies,0.8874728083610535,41244.9597812891
2d8173b7-9cc4-4411-b8a4-33a588950383,1744038921.9428742,model_0,cup,0.8755624294281006,30262.767764814198
8ae95c14-9a94-4670-a0c2-ab3b4e0b1472,1744038921.9428742,model_0,timmies,0.8712529540061951,65043.28611607943
e2658fbe-a1c7-4d86-aed3-a7725278554f,1744038921.9428742,model_0,timmies,0.8953823447227478,35233.70265484508
03347680-8983-472e-8606-5dc2987d563f,1744038921.9428742,model_0,timmies,0.9008799195289612,54353.56398139894
b95003d0-698d-4d48-90c7-26a501335a51,1744038921.9428742,model_0,timmies,0.8616710305213928,87785.57087145746
0cb04659-ef7d-4675-b473-136c11ce2c52,1744038921.9428742,model_0,timmies,0.9040610790252686,54416.752428002656
935a5f5e-060f-49fd-9f7a-72eb5ec9b142,1744038921.9428742,model_0,timmies,0.8710370659828186,93707.01737649739
52cd5e85-43fb-4eb6-ba61-00bd98f25ae6,1744038921.9428742,model_0,timmies,0.8810238838195801,38308.37604452111
81290261-7b98-4edc-b0a6-9ab546f5c048,1744038921.9428742,model_0,timmies,0.903967022895813,37590.08049619547
afe504d2-35b9-4230-a853-4b307c049c31,1744038921.9428742,model_0,timmies,0.9069656729698181,37712.95888128877
a652c1cb-8c90-4368-b7b7-2e422eec1c4f,1744038921.9428742,model_0,timmies,0.8892723917961121,40634.0602511242
980d0825-4718-41e7-a329-d9bef9501237,1744038921.9428742,model_0,timmies,0.8871788382530212,38237.86875618994
32516b6a-aeb7-4ac8-bf03-69032efc8d0d,1744038921.9428742,model_0,timmies,0.8756734728813171,44651.632993489504
a1620156-f178-4da2-9386-19c16ad0360d,1744038921.9428742,model_0,timmies,0.9172083735466003,28250.354055621196
8892ec65-cf63-4730-83c3-1f0ae6d9f6ea,1744038921.9428742,model_0,timmies,0.873016357421875,36945.70339648146
6cb8cff2-efa7-45a5-b925-53a37b96573d,1744038921.9428742,model_0,timmies,0.9066546559333801,41776.73426502943
e58e8301-8d32-48c4-879a-de80db685123,1744038921.9428742,model_0,timmies,0.8942186832427979,43171.908730027964
757042fd-c265-471d-b25b-ef81d538965a,1744038921.9428742,model_0,timmies,0.8491475582122803,75250.75532575347
68fdfdbf-06aa-4654-8712-71d412a04ccc,1744038921.9428742,model_0,timmies,0.8777329325675964,63682.256186798215
359ae3fe-dfee-416c-8925-9fc7bf961802,1744038921.9428742,model_0,timmies,0.8627004027366638,65941.21149155498
329c9850-0b91-4e81-a464-bedf49a91a9d,1744038921.9428742,model_0,timmies,0.8828318119049072,60006.04301833082
439a5c58-a427-4110-bed2-905b9e129b1a,1744038921.9428742,model_0,timmies,0.9082712531089783,48109.40512963664
76dfe9e2-ca1a-4c16-96e2-6b24c021ab12,1744038921.9428742,model_0,timmies,0.8815728425979614,89396.04918213189
66946b16-e089-45d6-8c62-116d087e6317,1744038921.9428742,model_0,timmies,0.8596103191375732,89036.59995306283
48b10ddb-11ac-4d6e-a82a-053ad33fbcb6,1744038921.9428742,model_0,timmies,0.8607596158981323,58202.29289419949
379df0fe-809d-4482-917e-4e07ef779820,1744038921.9428742,model_0,timmies,0.863853931427002,63064.66115326714
83b7651a-13c4-4363-afce-35a382e73e1e,1744038921.9428742,model_0,timmies,0.9053137302398682,41031.735504634446
4c9ce56c-0940-4602-9567-d6ace9d78000,1744038921.9428742,model_0,timmies,0.8772567510604858,54649.70317053795
596fdc14-1285-43dd-9aec-f6d8e9aadf3f,1744038921.9428742,model_0,timmies,0.8570961356163025,49284.10788299516
0f9a17bd-3a4f-4b5a-a255-73d7556e98eb,1744038921.9428742,model_0,timmies,0.893869936466217,42560.05437093787
0f9a17bd-3a4f-4b5a-a255-73d7556e98eb,1744038921.9428742,model_0,cup,0.36658430099487305,17710.808692626655
68cacf99-c172-4557-9ce2-901dc72f7752,1744038921.9428742,model_0,timmies,0.8638614416122437,41782.70809221268
066b7e39-c09d-4556-be70-dc4d3b9decf4,1744038921.9428742,model_0,timmies,0.9099569916725159,41669.762590507045
f0908bfa-4887-4305-8685-75a1afb17bf2,1744038921.9428742,model_0,timmies,0.8642445206642151,68704.33748075366
5b8db863-1713-4215-bd13-9e1714c18b2a,1744038921.9428742,model_0,timmies,0.8824690580368042,43509.26482639555
c0255be8-696d-4e76-b1bf-ff51a10231d1,1744038921.9428742,model_0,timmies,0.9003934860229492,42894.04215466045
307060d5-eaf8-401a-b5a5-ff3e3ae4b65f,1744038921.9428742,model_0,timmies,0.8821507692337036,62462.73613348603
f9054e9a-a29d-48d7-a425-45969f963bf5,1744038921.9428742,model_0,timmies,0.8750569224357605,83050.38514625933
424cf8be-c5ae-49f9-bb24-ee784d96793a,1744038921.9428742,model_0,timmies,0.8668501973152161,66974.77782471664
d3d48d3f-5e3e-4236-984b-eeb2378f2e26,1744038921.9428742,model_0,timmies,0.9064699411392212,48877.970572919585
0ddc0fc0-cab6-4955-8950-b443da14c7ac,1744038921.9428742,model_0,timmies,0.8764148950576782,62617.54720645049
86156f62-df0e-4358-9981-4559cb6135ae,1744038921.9428742,model_0,timmies,0.9180232286453247,24506.75149312103
db4b0682-31a1-4ce2-850e-8c55427c34e7,1744038921.9428742,model_0,timmies,0.8813579678535461,64796.50661641359
56a6ac32-683c-467b-b998-a99a45947bb6,1744038921.9428742,model_0,timmies,0.916137158870697,37005.517831385136
567a3ec2-835c-4fac-84fe-1f1d17ac432a,1744038921.9428742,model_0,timmies,0.9097726941108704,36418.970582384616
ecba7de1-a125-4166-b335-769f3d3459d6,1744038921.9428742,model_0,timmies,0.8567904829978943,53191.6182617126
0f0fa562-e202-47c9-8f5f-efde052f2809,1744038921.9428742,model_0,timmies,0.8935791254043579,48560.264901500195
75543379-3d07-417f-8bca-2414a32e9bea,1744038921.9428742,model_0,timmies,0.8789620399475098,56100.454859264195
2f259f49-a944-457e-9c8b-cb5eef70c110,1744038921.9428742,model_0,timmies,0.8681012392044067,78940.31399568543
41712cc2-2b68-4bb3-92ae-69f483be0695,1744038921.9428742,model_0,timmies,0.8712350130081177,51884.054861582816
67382e81-b354-492b-8a77-ec9b8ba579fb,1744038921.9428742,model_0,timmies,0.8843064308166504,59922.04044655431
67382e81-b354-492b-8a77-ec9b8ba579fb,1744038921.9428742,model_0,cup,0.8575727939605713,24117.193932859227
3af10d41-4db5-4fa1-a7b1-f215ed09ddb4,1744038921.9428742,model_0,timmies,0.8454482555389404,61005.529191369424
2b823091-eb80-4ba9-ab90-aa6c5befb460,1744038921.9428742,model_0,timmies,0.8766602873802185,73327.97301603388
977ec67c-5b58-4bbc-afb4-2fb31a17b1b6,1744038921.9428742,model_0,timmies,0.8979157209396362,66826.06425116025
44bce460-7292-420e-99a2-330db4160cfd,1744038921.9428742,model_0,timmies,0.8737656474113464,51158.59746128693
0be4d543-d762-4d71-afa7-2b2f529e11df,1744038921.9428742,model_0,timmies,0.8454957604408264,54924.393841106445
a9dc4997-c62f-468f-9d23-9304738937d8,1744038921.9428742,model_0,timmies,0.8795138597488403,17473.137612525374
600890cd-f239-423f-97e6-221066e1a13a,1744038921.9428742,model_0,timmies,0.8558973670005798,28222.954400781542
b0f67ff0-69cc-4bc4-a188-31769b394d13,1744038921.9428742,model_0,timmies,0.8700277805328369,60904.90745546669
1b710e77-1369-4827-8667-9882854bdbb4,1744038921.9428742,model_0,timmies,0.8443511724472046,37198.371921271086
92f3d730-1365-4f3b-967f-49a8712fd177,1744038921.9428742,model_0,timmies,0.9058787822723389,27464.070685834624
32f14111-06f5-4546-9466-6a4615fcca4f,1744038921.9428742,model_0,timmies,0.8353832960128784,37266.55762820318
32f14111-06f5-4546-9466-6a4615fcca4f,1744038921.9428742,model_0,timmies,0.643823504447937,17879.533718963154
32f14111-06f5-4546-9466-6a4615fcca4f,1744038921.9428742,model_0,cup,0.5942678451538086,17747.328459549462
f890362a-101c-420c-bd77-526b54637955,1744038921.9428742,model_0,timmies,0.8454609513282776,38819.78068234399
cda7c542-a731-4c2f-a02a-6d919924fcd8,1744038921.9428742,model_0,timmies,0.8773042559623718,26281.835956769995
531aaaeb-942e-4434-9693-1e6c6db41c07,1744038921.9428742,model_0,timmies,0.9067120552062988,24167.87528650649
72cf0283-8151-4335-ae53-d66a671950e7,1744038921.9428742,model_0,timmies,0.8766695261001587,27067.65580495447
72cf0283-8151-4335-ae53-d66a671950e7,1744038921.9428742,model_0,cup,0.4095042943954468,6499.917225539684
cd2d7b3f-8e33-4864-a366-28ab7bee46af,1744038921.9428742,model_0,timmies,0.9096842408180237,23669.75935619138
7c62978f-732d-439c-97cd-07bb575d4822,1744038921.9428742,model_0,timmies,0.8925400972366333,41367.33920173161
d5499654-2cd3-49d9-8dcf-a27e6d1361b2,1744038921.9428742,model_0,timmies,0.9079358577728271,24379.15841266513
a6992ab7-a82c-4daf-a038-78f6e3b8b360,1744038921.9428742,model_0,timmies,0.8741781115531921,27961.629483237863
aeeddb24-6bed-479c-92cf-e7937fafee87,1744038921.9428742,model_0,timmies,0.9153649210929871,21477.100659500808
24339267-d6c5-4016-99b1-e96c67273c12,1744038921.9428742,model_0,timmies,0.8784377574920654,39105.386053174734
ff0c1308-1714-41d6-97ce-82d163e1bdae,1744038921.9428742,model_0,timmies,0.8659339547157288,37519.99918743968
7f99b626-e71a-4c32-a3a9-5c9352caff5e,1744038921.9428742,model_0,timmies,0.9049258232116699,21026.09024276375
b078264b-b0f0-4db1-a3df-d919bec47a18,1744038921.9428742,model_0,timmies,0.8497790098190308,37268.38735351607
d7dcbefd-db9e-4315-9bff-ca3700bd0b1f,1744038921.9428742,model_0,cup,0.8584326505661011,52517.27678261977
bb4a5f37-9c79-4c7d-9574-e8800b85ea64,1744038921.9428742,model_0,timmies,0.8813101649284363,56953.281075481325
550b75ca-663d-496d-8b95-f9dfd3070f96,1744038921.9428742,model_0,cup,0.8015673160552979,64269.456579566
c12ff15f-2301-4040-bbf0-e3b346b68875,1744038921.9428742,model_0,timmies,0.8756102323532104,57546.98229018692
95d813e5-122e-40ec-95d6-f2f97dedf5f6,1744038921.9428742,model_0,cup,0.8733482956886292,79219.2440175116
8070f088-5a13-4210-9caf-c87188632d25,1744038921.9428742,model_0,cup,0.8514944314956665,105229.61810487509
ab47b9cf-dbf3-4ee5-85c3-d7821636639d,1744038921.9428742,model_0,cup,0.8918665051460266,77286.04443879426
ce647d1d-79d9-496e-ba23-8c891dccbed4,1744038921.9428742,model_0,cup,0.9231523871421814,51785.69340865407
38e63973-4353-46a1-91a9-6d7f0804a938,1744038921.9428742,model_0,cup,0.9198182225227356,52846.28564594872
af4785d0-3d26-4b3a-9433-fd25c46e14b0,1744038921.9428742,model_0,cup,0.9215511083602905,52840.56744871661
3a1d063f-dd0c-4b18-8e7b-47c754ed8ad1,1744038921.9428742,model_0,cup,0.9138457775115967,54059.40249314904
e4e60ff0-22cc-4ddb-93e5-a9e70c017731,1744038921.9428742,model_0,cup,0.8499420881271362,92864.9798451662
2d349999-f7de-45f9-ae6a-c88e60de601f,1744038921.9428742,model_0,cup,0.8743587136268616,72602.76122263446
64f16c73-7558-41f5-a884-7dfcbb5a667c,1744038921.9428742,model_0,cup,0.8198528289794922,62540.03211890906
badc5d2f-f62b-4b31-ada3-d5da3f405d39,1744038921.9428742,model_0,timmies,0.916047990322113,26749.7257829702
f55c9ed1-ec6c-40a8-a738-e956f6a0161c,1744038921.9428742,model_0,timmies,0.8757933378219604,38342.955082952976
3da058f2-bb70-4338-b874-e2749c49d831,1744038921.9428742,model_0,cup,0.8769075274467468,40929.794434989104
3da058f2-bb70-4338-b874-e2749c49d831,1744038921.9428742,model_0,timmies,0.42398378252983093,40358.72084620991
7671a310-41d8-460d-ac1b-d256008b8179,1744038921.9428742,model_0,timmies,0.8647618889808655,64701.42053627968
68c7072c-8b2e-472e-9cee-fe6c32a204fe,1744038921.9428742,model_0,timmies,0.8811813592910767,37968.60847452376
e2a689b7-e60c-41e7-ad81-ce234c07e553,1744038921.9428742,model_0,timmies,0.8454529643058777,47004.885032474995
6511eecd-9b31-4c3e-857b-9d4fb664bd52,1744038921.9428742,model_0,timmies,0.8653244972229004,49621.01638469752
d68aa45d-b4b7-40a3-956f-930ae0e6d6a8,1744038921.9428742,model_0,timmies,0.7842032313346863,40375.681254826486
28b141d1-e3fb-4b5e-8336-c789a4f1a97f,1744038921.9428742,model_0,timmies,0.8419223427772522,58334.775666799396
4c4b03c7-0529-422a-a415-f035d73d7f02,1744038921.9428742,model_0,timmies,0.7569433450698853,36994.98435822129
4c4b03c7-0529-422a-a415-f035d73d7f02,1744038921.9428742,model_0,cup,0.5921264886856079,36849.37866865657
64422c51-6bd2-475c-8448-b6611aacf69c,1744038921.9428742,model_0,timmies,0.8462323546409607,42500.2777960971
e43393d9-59fa-457e-b271-6e6f2aad2f4b,1744038921.9428742,model_0,timmies,0.9138010740280151,26784.65284065879
12b9e009-1ba6-4389-ab6b-8efd131a90b7,1744038921.9428742,model_0,timmies,0.8896209597587585,32054.588205605745
7f9178ce-a16a-4c0e-96f5-3af847ef89bf,1744038921.9428742,model_0,timmies,0.9028064012527466,43321.080292670056
c5c8ac65-21b3-499e-b570-89e4c8fbcdbd,1744038921.9428742,model_0,timmies,0.9092450141906738,32691.755957119167
4d0becd2-9879-4007-99eb-bb76383c9fab,1744038921.9428742,model_0,timmies,0.8998294472694397,52574.20457240939
5afbc4ed-64e3-44bc-a5d0-4dfe51045ade,1744038921.9428742,model_0,timmies,0.8682347536087036,49197.72764885984
9a4c2a53-8b03-41f8-8c3d-00c2566d84bc,1744038921.9428742,model_0,timmies,0.8791508078575134,36516.806678485125
b52284a1-010a-414a-8448-0cab8d691907,1744038921.9428742,model_0,timmies,0.8905880451202393,38376.521637508646
f7a989bd-e74d-4b93-939c-78a7eaf093e9,1744038921.9428742,model_0,timmies,0.8792167901992798,39041.76758542191
6ff11e4f-02bc-4d30-9abb-c6b4caba9f07,1744038921.9428742,model_0,timmies,0.8821110725402832,72446.05999431014
55480d1f-f393-47d7-9c30-4ad380a0f8c0,1744038921.9428742,model_0,timmies,0.8825476765632629,38931.6088938145
58bd15cd-65b0-4bca-bd1d-a01e2e5e4dbf,1744038921.9428742,model_0,timmies,0.8818037509918213,54358.129917975515
32bd4a8a-e83b-42db-9404-d192b74192cd,1744038921.9428742,model_0,timmies,0.8705253005027771,64300.01925502252
56e28f41-81f7-43f7-acbd-67fc03944421,1744038921.9428742,model_0,timmies,0.8584364056587219,48749.94547520764
17883d99-939d-441e-ab8f-db935ee78dfe,1744038921.9428742,model_0,timmies,0.8695084452629089,58574.66886790469
aaa5a274-50ce-46d5-afcd-a76b7bbb8994,1744038921.9428742,model_0,timmies,0.8978316187858582,49649.73551215581
f1590577-6d80-4b7a-b5ba-a69eb9aa7b89,1744038921.9428742,model_0,timmies,0.8598673343658447,44488.6810133846
94796b58-f6a2-4718-9d54-2de4673567af,1744038921.9428742,model_0,timmies,0.9051840901374817,22365.576847538352
efa636b2-16a6-4c5e-894a-1661d67d5056,1744038921.9428742,model_0,timmies,0.8743338584899902,25696.984113663435
88a51a5f-a8c2-4e5f-9ea3-b3104926b834,1744038921.9428742,model_0,timmies,0.7891631722450256,33136.32923954725
07466a62-e561-44ee-922d-609accc3bb16,1744038921.9428742,model_0,timmies,0.889659583568573,23161.16523125954
2f359d19-6b7a-4796-8d2b-6cebff0be382,1744038921.9428742,model_0,cup,0.8622002005577087,41269.357290353626
da8b4662-dce1-4817-8410-58e10119c791,1744038921.9428742,model_0,timmies,0.8259022235870361,33431.508526951075
0ce9a0d8-f2be-4fba-ac56-b684d533d490,1744038921.9428742,model_0,timmies,0.8506322503089905,46561.34635508992
6a290daa-4a30-4eaa-9f5f-7a9f2a05fa1e,1744038921.9428742,model_0,timmies,0.8601605892181396,38398.68095447961
8cc1c7c9-6dba-4a34-87c3-8029ef0409f7,1744038921.9428742,model_0,timmies,0.8512482643127441,37496.652270097286
54525357-d2d3-48dc-801f-cd296fd1e0d1,1744038921.9428742,model_0,timmies,0.8475610017776489,36373.37855182402
0be2bb8b-6c4b-4738-a6a2-151690bde56a,1744038921.9428742,model_0,timmies,0.8187373280525208,44641.10348223336
592293aa-7e88-4148-b8f9-2becdeb166ab,1744038921.9428742,model_0,timmies,0.8965936303138733,14144.705034904182
6b4a4737-1165-452b-b2f5-f247a36b3d35,1744038921.9428742,model_0,timmies,0.8836317658424377,49174.811982069165
6b4a4737-1165-452b-b2f5-f247a36b3d35,1744038921.9428742,model_0,timmies,0.4473382234573364,41424.815049663186
b87dc2c2-e8b2-4c42-b49a-812d7c8a5bdc,1744038921.9428742,model_0,timmies,0.8154690861701965,69993.3431044966
3a57de0e-5f1e-4358-ae7c-222d30804611,1744038921.9428742,model_0,timmies,0.8421397805213928,66510.79722526856
9351831e-cb2a-4004-b6e0-5b451d06d5c9,1744038921.9428742,model_0,timmies,0.8685159087181091,60327.10630204901
73377b80-c7c4-4c28-b7f9-928f2c34fe02,1744038921.9428742,model_0,timmies,0.8809952735900879,44705.29371138755
c7ebbe41-3ec5-42e2-8296-62cd6eafffb4,1744038921.9428742,model_0,timmies,0.8557487726211548,93723.37008266989
aa03d4cb-2ac8-4163-a7c5-672d99e1c1fa,1744038921.9428742,model_0,timmies,0.8529542684555054,32201.858309727162
6746178d-c5ac-45dd-bdcd-e81dd33cb80f,1744038921.9428742,model_0,timmies,0.881108283996582,44454.54465760267
c2ffee60-573e-4dff-b9ea-3a3a32648387,1744038921.9428742,model_0,cup,0.8582068681716919,44977.911762833595
0f314046-7526-4812-8cca-b38955009c1c,1744038921.9428742,model_0,cup,0.8759069442749023,30498.84343075566
b0cbbc9d-22a0-4c5c-8a42-4fa1799ba1ec,1744038921.9428742,model_0,timmies,0.8747649788856506,27524.839401490986
ad2e82ba-5f10-47d4-9740-e67490a966f2,1744038921.9428742,model_0,timmies,0.8453447818756104,60341.719003457576
20fc23a5-9ede-467c-9218-e44556cd205f,1744038921.9428742,model_0,timmies,0.8962507843971252,22625.213755790144
ea815ece-94d4-41cd-bbc0-75363a0d270c,1744038921.9428742,model_0,timmies,0.8610591888427734,34534.17596824467
5df74517-fc75-46e0-a8b2-3d0f3190d014,1744038921.9428742,model_0,cup,0.921726405620575,28403.1078905873
ca3ea3a2-9131-44cb-b4e0-b47b55154364,1744038921.9428742,model_0,cup,0.9243554472923279,27414.84951615706
e8e7abdc-08d1-4345-bcb4-c54c633dfdd4,1744038921.9428742,model_0,cup,0.8049251437187195,36889.390331651084
771f0be7-2c11-4660-ba4d-3445aebf75da,1744038921.9428742,model_0,cup,0.9217349290847778,28331.315848097205
b8bb1786-37c4-456e-8be7-812c91876218,1744038921.9428742,model_0,cup,0.820679783821106,35027.970248803496
b8bb1786-37c4-456e-8be7-812c91876218,1744038921.9428742,model_0,timmies,0.4803174138069153,35321.21665131301
1e76bec2-9053-4479-92b5-67e7372e56af,1744038921.9428742,model_0,timmies,0.8778680562973022,61249.17676985264
36239758-ee69-4dea-a31f-174a7aeb3e20,1744038921.9428742,model_0,timmies,0.878664493560791,52549.21021800488
00db3876-e753-451d-843d-8985eb0eaba4,1744038921.9428742,model_0,timmies,0.8848791122436523,44033.12221246958
00db3876-e753-451d-843d-8985eb0eaba4,1744038921.9428742,model_0,cup,0.7918335199356079,10419.265093490481
bdc285fb-b2ad-423c-b15e-8294132bb835,1744038921.9428742,model_0,timmies,0.8586680293083191,70249.25641827285
bdc285fb-b2ad-423c-b15e-8294132bb835,1744038921.9428742,model_0,cup,0.8512771725654602,23025.042626088485
2e41b9c6-2413-4eab-b346-d7e183a76480,1744038921.9428742,model_0,timmies,0.8877023458480835,54215.45453111082
4f0641af-22f6-43f8-aee1-856410c4dfcc,1744038921.9428742,model_0,timmies,0.8904619216918945,58536.04793202877
4f0641af-22f6-43f8-aee1-856410c4dfcc,1744038921.9428742,model_0,cup,0.8819743394851685,20022.000283157453
71036e0c-f525-439c-9c92-66228cdef8d9,1744038921.9428742,model_0,timmies,0.8748213052749634,62073.66356661916
8eb24bd7-2223-46ec-a752-b64a1a6e7be0,1744038921.9428742,model_0,timmies,0.868314266204834,33285.06119415164
492c6d02-c940-4a5f-99a7-8b22bf0bd6a4,1744038921.9428742,model_0,timmies,0.9000126123428345,37667.50804556906
69bd9965-ed50-4e38-b269-5a51ca633c80,1744038921.9428742,model_0,timmies,0.8664717078208923,55844.58254434168
8f5ce917-ab7d-4482-89bf-94964741931b,1744038921.9428742,model_0,timmies,0.8829286694526672,47577.7169314269
f47741f8-8b79-47fc-baee-bd71a158220b,1744038921.9428742,model_0,timmies,0.8790423274040222,41957.791641006246
c0a0a9f2-c802-468e-b8b8-13eb28021a53,1744038921.9428742,model_0,timmies,0.8560931086540222,53263.05590542033
d1d4d8e6-b6dd-467d-8f16-6dea274a24cb,1744038921.9428742,model_0,timmies,0.8884928226470947,55536.50571095757
fe297c5f-1e48-498c-9763-75b8e9505946,1744038921.9428742,model_0,timmies,0.8815145492553711,67964.98284592666
56b5a36a-a576-4cb9-bc91-d4d45c52f609,1744038921.9428742,model_0,timmies,0.9020093679428101,38783.53326237202
8c11b585-0d59-45ba-998e-535f59aeb38b,1744038921.9428742,model_0,timmies,0.9055079221725464,47788.96848025173
c15b291b-3d34-4a99-a68a-c4d9c1a20687,1744038921.9428742,model_0,timmies,0.8892344832420349,32529.769494742155
82a55b97-6a78-4636-8c52-39898d4c11d7,1744038921.9428742,model_0,timmies,0.8780463337898254,61136.52472507954
95546eb9-1a0f-4902-8401-9a0535e1f334,1744038921.9428742,model_0,timmies,0.8820452690124512,33201.91681892425
dc4f79b5-17ee-4c6c-b9b2-9d68b114bead,1744038921.9428742,model_0,timmies,0.8775123953819275,34703.19092521444
fbdc7681-2bd5-4645-8cec-91cae59108f9,1744038921.9428742,model_0,timmies,0.84688401222229,73284.429539809
c984cdcc-080d-4fd5-b6e1-f82267fe8703,1744038921.9428742,model_0,timmies,0.8811633586883545,74493.72846448328
6e464ad0-c688-4d80-b90d-40224ea9ae0c,1744038921.9428742,model_0,timmies,0.8846521377563477,60088.93708197959
26fe1a21-d542-497a-8a32-f428c38cee93,1744038921.9428742,model_0,cup,0.9086137413978577,32571.25776105374
286734b8-6d0c-40c1-a814-5630c92ca023,1744038921.9428742,model_0,cup,0.874501645565033,55896.05134008918
44f451a1-36b5-47cf-ac9b-502ad716a37f,1744038921.9428742,model_0,cup,0.869354248046875,48964.55455794372
fe581d6f-ec2a-4f9d-9183-64280548164a,1744038921.9428742,model_0,cup,0.9056290984153748,36602.62007604912
5672d3b8-5494-47a2-826f-af6720c209b5,1744038921.9428742,model_0,cup,0.8723111152648926,53071.69976074342
c25f15da-38fc-4fb5-85a7-2587eb8f8727,1744038921.9428742,model_0,cup,0.9177113175392151,35647.74604931474
4fe5ba7f-c6bf-45df-9001-9fb5fab9818c,1744038921.9428742,model_0,cup,0.8885210156440735,40086.80452875327
3b705788-1278-493d-a4d7-8c00ffcf7d93,1744038921.9428742,model_0,cup,0.9113589525222778,31573.581099830568
4a4e99d8-1657-44d3-a62e-68a708582a9d,1744038921.9428742,model_0,cup,0.8594498634338379,53351.8339686566
9f293b64-1ca8-414e-9b16-fe3f084ed1aa,1744038921.9428742,model_0,cup,0.8803112506866455,58958.30051733181
34267426-e2d2-4713-97d6-d73eeec1a71d,1744038921.9428742,model_0,cup,0.6285753846168518,39536.02042867243
8d3107bc-30f7-4e8e-8eea-3658bad360aa,1744038921.9428742,model_0,timmies,0.8307139873504639,55256.99029306695
99eb3a0b-a811-4956-a66d-b7d2dbfdeb0e,1744038921.9428742,model_0,cup,0.85189288854599,36071.97325613815
b80ee1f4-0afd-4b3d-8371-09a6ef37a085,1744038921.9428742,model_0,cup,0.8214830756187439,37711.32905884273
b80ee1f4-0afd-4b3d-8371-09a6ef37a085,1744038921.9428742,model_0,timmies,0.45987778902053833,36422.06453245878
21017d66-bbb4-4f8f-8573-6c21c285167a,1744038921.9428742,model_0,cup,0.9232566356658936,36094.054592981935
86694281-7262-4ec3-b201-01e35383009c,1744038921.9428742,model_0,cup,0.8692104816436768,40504.627541311085
14241be4-fc3f-4562-a397-6519b14f387d,1744038921.9428742,model_0,timmies,0.8612178564071655,32270.397607684135
36944c5a-05d5-46dc-a807-74c8367c70bc,1744038921.9428742,model_0,timmies,0.8699260950088501,60118.87314245105
b5ad80fe-5f46-4481-aa86-c688ec711b9d,1744038921.9428742,model_0,cup,0.8697268962860107,62948.908468242735
1b835147-5114-41b4-8005-d7b193a69b3c,1744038921.9428742,model_0,cup,0.8838579058647156,41776.60548365023
79ae4d90-92d9-477b-8b35-401286633acb,1744038921.9428742,model_0,cup,0.8906445503234863,45612.910494256765
fbcf4ac0-5424-4075-a6cd-2984204c4a71,1744038921.9428742,model_0,cup,0.893216609954834,43770.50871733576
56f15654-a84d-45e8-a9af-306efd72330a,1744038921.9428742,model_0,cup,0.8895807862281799,75819.54048247635
76d81eaf-5c28-46b8-9881-72bf1fd88624,1744038921.9428742,model_0,cup,0.8960573077201843,45282.35697348509
cd4ad0f9-d28f-4d0b-9407-1c92e999252e,1744038921.9428742,model_0,cup,0.8909996151924133,48662.068860799074
f2fdbcec-37be-440f-8d1f-4747d8fa65da,1744038921.9428742,model_0,cup,0.8771052360534668,52096.61860240437
8829ce24-a122-4998-84d0-eab580ef0366,1744038921.9428742,model_0,cup,0.8953131437301636,41100.459422501735
06d256b6-f64c-4f25-a945-9a304e6fb8d1,1744038921.9428742,model_0,cup,0.8523015379905701,56128.426119918935
e233363d-8398-46f3-ba75-77637c30e4d0,1744038921.9428742,model_0,cup,0.8827528357505798,43362.102461233735
32e01217-6b11-40e6-b193-0877f8dff196,1744038921.9428742,model_0,cup,0.8611088991165161,70683.25845475495
210cc110-5266-4358-978d-66212e3f1f70,1744038921.9428742,model_0,cup,0.8480417728424072,51317.76916948613
6379817d-984b-477b-8634-5f7e64efa157,1744038921.9428742,model_0,timmies,0.8696424961090088,59281.41917583905
3a1fb7d2-f754-47c6-9bd0-7839da5b6766,1744038921.9428742,model_0,timmies,0.8726645112037659,42222.28523477912
56cf1253-0e97-4d7c-88ee-b8710a3e1c3f,1744038921.9428742,model_0,cup,0.8965737819671631,154978.15859602857
2ad880d1-04fc-4697-8c32-f2e57021308e,1744038921.9428742,model_0,cup,0.9003287553787231,174274.20218594372
